Type,Code,Name (Khmer),Name (Latin),Reference,Official Note,Note (by Checker)
ស្រុក,102,មង្គលបូរី,Mongkol Borei,ប្រកាសលេខ ៤៩៣ប្រ.ក,,
ឃុំ,10201,បន្ទាយនាង,Banteay Neang,ប្រកាសលេខ ៤៩៣ ប្រ.ក,,
ភូមិ,1020101,អូរធំ,Ou Thum,ប្រកាសលេខ ៤៩៣ ប្រ.ក,,
ភូមិ,1020102,ភ្នំ,Phnum,ប្រកាសលេខ ៤៩៣ ប្រ.ក,,
ភូមិ,1020103,បន្ទាយនាង,Banteay Neang,ប្រកាសលេខ ៤៩៣ ប្រ.ក,,
ភូមិ,1020104,គោកព្នៅ,Kouk Pnov,ប្រកាសលេខ ៤៩៣ ប្រ.ក,,
ភូមិ,1020105,ត្រាង,Trang,ប្រកាសលេខ ៤៩៣ ប្រ.ក,,
ភូមិ,1020106,ពង្រ,Pongro,ប្រកាសលេខ ៤៩៣ ប្រ.ក,,
ភូមិ,1020107,គោកទន្លាប់,Kouk Tonloab,ប្រកាសលេខ ៤៩៣ ប្រ.ក,,
ភូមិ,1020108,ត្របែក,Trabaek,ប្រកាសលេខ ៤៩៣ ប្រ.ក,,
ភូមិ,1020109,ឃីឡិក,Khilek,ប្រកាសលេខ ៤៩៣ ប្រ.ក,កែឈ្មោះពី ឃីឡិ ទៅ ឃីឡិក,
ភូមិ,1020110,សំរោងពេន,Samraong Pen,ប្រកាសលេខ ៤៩៣ ប្រ.ក,,
ភូមិ,1020111,ដងរុនលិច,Dang Run Lech,ប្រកាសលេខ ៤៩៣ ប្រ.ក,,
ភូមិ,1020112,ដងរុនកើត,Dang Run Kaeut,ប្រកាសលេខ ៤៩៣ ប្រ.ក,,
ភូមិ,1020113,អូរស្ងួត,Ou Snguot,ប្រកាសលេខ ៤៩៣ ប្រ.ក,,
ភូមិ,1020114,ព្រៃចង្ហាលិច,Prey Changha Lech,ប្រកាសលេខ ៤៩៣ ប្រ.ក,,
ភូមិ,1020115,ព្រៃចង្ហាកើត,Prey Changha Kaeut,ប្រកាសលេខ ៤៩៣ ប្រ.ក,,
ភូមិ,1020116,អូរអណ្ដូងលិច,Ou Andoung Lech,ប្រកាសលេខ ៤៩៣ ប្រ.ក,,
ភូមិ,1020117,អូរអណ្ដូងកណ្ដាល,Ou Andoung Kandal,ប្រកាសលេខ ៤៩៣ ប្រ.ក,,
ភូមិ,1020118,អូរអណ្ដូងកើត,Ou Andoung Kaeut,ប្រកាសលេខ ៤៩៣ ប្រ.ក,,
ភូមិ,1020119,គោកក្ដួច,Kouk Kduoch,ប្រកាសលេខ ៤៩៣ ប្រ.ក,,
ឃុំ,10202,បត់ត្រង់,Bat Trang,ប្រកាសលេខ ៤៩៣ ប្រ.ក,,
ភូមិ,1020201,ខ្ទុម្ពរាយលិច,Khtum Reay Lech,ប្រកាសលេខ ៤៩៣ ប្រ.ក,កែឈ្មោះពី ខ្ទុំរាយលិច ទៅខ្ទុម្ពរាយលិច,
ភូមិ,1020202,ខ្ទុម្ពរាយកើត,Khtum Reay Kaeut,ប្រកាសលេខ ៤៩៣ ប្រ.ក,កែឈ្មោះពី ខ្ទុំរាយកើត ទៅខ្ទុម្ពរាយកើត,
ភូមិ,1020203,អន្លង់ថ្ងាន់កើត,Anlong Thngan Kaeut,ប្រកាសលេខ ៤៩៣ ប្រ.ក,,
ភូមិ,1020204,អន្លង់ថ្ងាន់លិច,Anlong Thngan Lech,ប្រកាសលេខ ៤៩៣ ប្រ.ក,,
ភូមិ,1020205,បង់បត់លិច,Bang Bat Lech,ប្រកាសលេខ ៤៩៣ ប្រ.ក,,
ភូមិ,1020206,បង់បត់កើត,Bang Bat Kaeut,ប្រកាសលេខ ៤៩៣ ប្រ.ក,,
ភូមិ,1020207,បត់ត្រង់,Bat Trang,ប្រកាសលេខ ៤៩៣ ប្រ.ក,,
ភូមិ,1020208,បត់ត្រង់ធំលិច,Bat Trang Thum Lech,ប្រកាសលេខ ៤៩៣ ប្រ.ក,,
ភូមិ,1020209,បត់ត្រង់ធំកើត,Bat Trang Thum Kaeut,ប្រកាសលេខ ៤៩៣ ប្រ.ក,,
ភូមិ,1020210,បត់ត្រង់តូច,Bat Trang Touch,ប្រកាសលេខ ៤៩៣ ប្រ.ក,,
ភូមិ,1020211,ព្រែកជីក,Preaek Chik,ប្រកាសលេខ ៤៩៣ ប្រ.ក,,
ឃុំ,10203,ចំណោម,Chamnaom,ប្រកាសលេខ ៤៩៣ ប្រ.ក,,
ភូមិ,1020301,ប្រឡាយចារ៍,Pralay Char,ប្រកាសលេខ ៤៩៣ ប្រ.ក,កែឈ្មោះពី​ប្រឡាយចារ ទៅ ប្រឡាយចារ៍,
ភូមិ,1020302,រង្វានលិច,Rongvean Lech,ប្រកាសលេខ ៤៩៣ ប្រ.ក,,
ភូមិ,1020303,រង្វានកើត,Rongvean Kaeut,ប្រកាសលេខ ៤៩៣ ប្រ.ក,,
ភូមិ,1020304,ចំណោមលិច,Chamnaom Lech,ប្រកាសលេខ ៤៩៣ ប្រ.ក,,
ភូមិ,1020305,ចំណោមកើត,Chamnaom Kaeut,ប្រកាសលេខ ៤៩៣ ប្រ.ក,,
ភូមិ,1020306,រោងគោដើម,Roung Kou Daeum,ប្រកាសលេខ ៤៩៣ ប្រ.ក,,
ភូមិ,1020307,រោងគោកណ្ដាល,Roung Kou Kandal,ប្រកាសលេខ ៤៩៣ ប្រ.ក,,
ភូមិ,1020308,រោងគោចុង,Roung Kou Chong,ប្រកាសលេខ ៤៩៣ ប្រ.ក,,
ភូមិ,1020309,ពាមរោងគោ,Peam Roung Kou,ប្រកាសលេខ ៤៩៣ ប្រ.ក,,
ភូមិ,1020310,តាសល់,Ta Sal,ប្រកាសលេខ ៤៩៣ ប្រ.ក,,
ភូមិ,1020311,ជួរខ្ចាស់,Chuor Khchas,ប្រកាសលេខ ៤៩៣ ប្រ.ក,,
ភូមិ,1020312,បឹងត្រស់,Boeng Tras,ប្រកាសលេខ ៤៩៣ ប្រ.ក,,
ភូមិ,1020313,ដងត្រាង,Dang Trang,ប្រកាសលេខ ៤៩៣ ប្រ.ក,,
ភូមិ,1020314,ស្រែព្រៃ,Srae Prey,ប្រកាសលេខ ៤៩៣ ប្រ.ក,,
ភូមិ,1020315,បុស្បទន្លាប់,Bos Tonloab,ប្រកាសលេខ ៤៩៣ ប្រ.ក,កែឈ្មោះពីបុស្សទន្លាប់ ទៅ​ បុស្បទន្លាប់,
ភូមិ,1020316,តាប៊ុន,Ta  Bun,ប្រកាសលេខ ៤៩៣ ប្រ.ក,,
ភូមិ,1020317,គោកពន្លៃ,Kouk Ponley,ប្រកាសលេខ ៤៩៣ ប្រ.ក,,
ភូមិ,1020318,សាយសាម៉ន,Say Samon,ប្រកាសលេខ ៣៥០៧ ប្រ.ក,បង្កើតចេញពីភូមិឧបសម្ព័ន្ធ,
ឃុំ,10204,គោកបល្ល័ង្គ,Kouk Ballangk,ប្រកាសលេខ ៤៩៣ ប្រ.ក,,
ភូមិ,1020401,គោកបល្ល័ង្ក,Kouk Ballangk,ប្រកាសលេខ ៤៩៣ ប្រ.ក,,
ភូមិ,1020402,តាអន,Ta An,ប្រកាសលេខ ៤៩៣ ប្រ.ក,,
ភូមិ,1020403,ប្រឡាយជ្រៃ,Pralay Chrey,ប្រកាសលេខ ៤៩៣ ប្រ.ក,,
ភូមិ,1020404,ជើងចាប,Cheung Chab,ប្រកាសលេខ ៤៩៣ ប្រ.ក,,
ភូមិ,1020405,ផាត់សណ្ដោង,Phat Sandaong,ប្រកាសលេខ ៤៩៣ ប្រ.ក,,
ភូមិ,1020406,ចារថ្មី,Char Thmei,ប្រកាសលេខ ៤៩៣ ប្រ.ក,,
ភូមិ,1020407,ផ្អាវថ្មី,Ph'av Thmei,ប្រកាសលេខ ៤៩៣ ប្រ.ក,,
ភូមិ,1020408,តាសល់,Ta Sal,ប្រកាសលេខ ៤៩៣ ប្រ.ក,,
ឃុំ,10205,គយម៉ែង,Koy Maeng,ប្រកាសលេខ ៤៩៣ ប្រ.ក,,
ភូមិ,1020501,គយម៉ែង,Koy Maeng,ប្រកាសលេខ ៤៩៣ ប្រ.ក,,
ភូមិ,1020502,ស្ដីលើ,Sdei Leu,ប្រកាសលេខ ៤៩៣ ប្រ.ក,,
ភូមិ,1020503,ផ្លូវសៀម,Phlov Siem,ប្រកាសលេខ ៤៩៣ ប្រ.ក,,
ភូមិ,1020504,តានង,Ta Nong,ប្រកាសលេខ ៤៩៣ ប្រ.ក,,
ភូមិ,1020505,អង្ករខ្មៅ,Angkar Khmau,ប្រកាសលេខ ៤៩៣ ប្រ.ក,,
ភូមិ,1020506,កសាងថ្មី,Kasang Thmei,ប្រកាសលេខ ៤៩៣ ប្រ.ក,,
ភូមិ,1020507,ស្ទឹងចាស់,Stueng Chas,ប្រកាសលេខ ៤៩៣ ប្រ.ក,,
ភូមិ,1020508,ស្ដីក្រោម,Sdei Kraom,ប្រកាសលេខ ៤៩៣ ប្រ.ក,,
ឃុំ,10206,អូរប្រាសាទ,Ou Prasat,ប្រកាសលេខ ៤៩៣ ប្រ.ក,,
ភូមិ,1020601,ភ្នំធំត្បូង,Phnum Thum Tboung,ប្រកាសលេខ ៤៩៣ ប្រ.ក,,
ភូមិ,1020602,ភ្នំប្រាសាទ,Phnum Prasat,ប្រកាសលេខ ៤៩៣ ប្រ.ក,,
ភូមិ,1020603,ភ្នំធំជើង,Phnum Thum Cheung,ប្រកាសលេខ ៤៩៣ ប្រ.ក,,
ភូមិ,1020604,ចំការលោក,Chamkar Louk,ប្រកាសលេខ ៤៩៣ ប្រ.ក,,
ភូមិ,1020605,ភ្នំធំថ្មី,Phnum Thum Thmei,ប្រកាសលេខ ៤៩៣ ប្រ.ក,,
ភូមិ,1020606,អន្លង់ស្ដី,Anlong Sdei,ប្រកាសលេខ ៤៩៣ ប្រ.ក,,
ភូមិ,1020607,គោកធ្លង់កើត,Kouk Thlong Kaeut,ប្រកាសលេខ ៤៩៣ ប្រ.ក,,
ភូមិ,1020608,គោកធ្លង់កណ្ដាល,Kouk Thlong Kandal,ប្រកាសលេខ ៤៩៣ ប្រ.ក,,
ភូមិ,1020609,អូរស្ងួត,Ou Snguot,ប្រកាសលេខ ៤៩៣ ប្រ.ក,,
ភូមិ,1020610,អូរប្រាសាទ,Ou Prasat,ប្រកាសលេខ ៤៩៣ ប្រ.ក,,
ភូមិ,1020611,គោកអំពិល,Kouk Ampil,ប្រកាសលេខ ៤៩៣ ប្រ.ក,,
ភូមិ,1020612,រ៉ាចំការចេក,Ra Chamkar Chek,ប្រកាសលេខ ៤៩៣ ប្រ.ក,,
ភូមិ,1020613,ពោធិ៍រៀង,Pou Rieng,ប្រកាសលេខ ៤៩៣ ប្រ.ក,,
ភូមិ,1020614,រូងក្របៅ,Rung Krabau,ប្រកាសលេខ ៤៩៣ ប្រ.ក,,
ឃុំ,10207,ភ្នំតូច,Phnum Touch,ប្រកាសលេខ ៤៩៣ ប្រ.ក,,
ភូមិ,1020701,ភ្នំតូចត្បូង,Phnum Touch Tboung,ប្រកាសលេខ ៤៩៣ ប្រ.ក,,
ភូមិ,1020702,ភ្នំតូចជើង,Phnum Touch Cheung,ប្រកាសលេខ ៤៩៣ ប្រ.ក,,
ភូមិ,1020703,ថ្នល់បត់,Thnal Bat,ប្រកាសលេខ ៤៩៣ ប្រ.ក,,
ភូមិ,1020704,អូរញរ,Ou Nhor,ប្រកាសលេខ ៤៩៣ ប្រ.ក,,
ភូមិ,1020705,បឹងត្រស់,Boeng Tras,ប្រកាសលេខ ៤៩៣ ប្រ.ក,,
ភូមិ,1020706,មនោរម្យ,Monourom,ប្រកាសលេខ ៤៩៣ ប្រ.ក,,
ភូមិ,1020707,ប៉ោយតាសេក,Paoy Ta Sek,ប្រកាសលេខ ៤៩៣ ប្រ.ក,,
ភូមិ,1020708,ព្រៃទទឹង,Prey Totueng,ប្រកាសលេខ ៤៩៣ ប្រ.ក,,
ភូមិ,1020709,បឹងរាំង,Boeng Reang,ប្រកាសលេខ ៤៩៣ ប្រ.ក,,
ភូមិ,1020710,វត្ដថ្មី,Voat Thmei,ប្រកាសលេខ ៤៩៣ ប្រ.ក,,
ឃុំ,10208,រហាត់ទឹក,Rohat Tuek,ប្រកាសលេខ ៤៩៣ ប្រ.ក,,
ភូមិ,1020801,ពោធិ៍ពីរដើម,Pou Pir Daeum,ប្រកាសលេខ ៤៩៣ ប្រ.ក,,
ភូមិ,1020802,រហាត់ទឹក,Rohat Tuek,ប្រកាសលេខ ៤៩៣ ប្រ.ក,,
ភូមិ,1020803,ថ្នល់បត់,Thnal Bat,ប្រកាសលេខ ៤៩៣ ប្រ.ក,,
ភូមិ,1020804,ក្រមល់,Kramol,ប្រកាសលេខ ៤៩៣ ប្រ.ក,,
ភូមិ,1020805,ខ្ទុំជ្រុំ,Khtum Chrum,ប្រកាសលេខ ៤៩៣ ប្រ.ក,កែឈ្មោះពី ខ្ទុំជ្រំ ទៅ ខ្ទុំជ្រុំ,
ភូមិ,1020806,ចកលិច,Chak Lech,ប្រកាសលេខ ៤៩៣ ប្រ.ក,,
ភូមិ,1020807,ដូនមូល,Doun Mul,ប្រកាសលេខ ៤៩៣ ប្រ.ក,,
ភូមិ,1020808,ព្រែកសំរោង,Preaek Samraong,ប្រកាសលេខ ៤៩៣ ប្រ.ក,,
ភូមិ,1020809,អូរដង្កោ,Ou Dangkao,ប្រកាសលេខ ៤៩៣ ប្រ.ក,,
ភូមិ,1020810,ចំការចេក,Chamkar Chek,ប្រកាសលេខ ៤៩៣ ប្រ.ក,,
ភូមិ,1020811,អូរជួប,Ou Chuob,ប្រកាសលេខ ៤៩៣ ប្រ.ក,,
ភូមិ,1020812,កស្វាយ,Ka Svay,ប្រកាសលេខ ៤៩៣ ប្រ.ក,,
ភូមិ,1020813,ចកកើត,Chak Kaeut,ប្រកាសលេខ ៤៩៣ ប្រ.ក,,
ឃុំ,10209,ឫស្សីក្រោក,Ruessei Kraok,ប្រកាសលេខ ៤៩៣ ប្រ.ក,,
ភូមិ,1020901,អញ្ចាញ,Anhchanh,ប្រកាសលេខ ៤៩៣ ប្រ.ក,,
ភូមិ,1020902,នាងកេត,Neang Ket,ប្រកាសលេខ ៤៩៣ ប្រ.ក,,
ភូមិ,1020903,ព្រែករពៅ,Praek Ropov,ប្រកាសលេខ ៤៩៣ ប្រ.ក,,
ភូមិ,1020904,សាលាដែង,Sala Daeng,ប្រកាសលេខ ៤៩៣ ប្រ.ក,,
ភូមិ,1020905,សំរោង,Samraong,ប្រកាសលេខ ៤៩៣ ប្រ.ក,,
ភូមិ,1020906,អន្លង់មានទ្រព្យ,Anlong Mean Troap,ប្រកាសលេខ ៤៩៣ ប្រ.ក,,
ភូមិ,1020907,ចំការតាដោក,Chamkar Ta Daok,ប្រកាសលេខ ៤៩៣ ប្រ.ក,,
ភូមិ,1020908,ប្រទ្បាយហ្លួងក្រោម,Pralay Luong Kraom,ប្រកាសលេខ ៤៩៣ ប្រ.ក,,
ភូមិ,1020909,ហ្លួង,Luong,ប្រកាសលេខ ៤៩៣ ប្រ.ក,,
ភូមិ,1020910,អូរតាគល់,Ou Ta Kol,ប្រកាសលេខ ៤៩៣ ប្រ.ក,,
ភូមិ,1020911,ប្រទ្បាយហ្លួងលើ,Pralay Luong Leu,ប្រកាសលេខ ៤៩៣ ប្រ.ក,,
ភូមិ,1020912,គោកស្វាយ,Kouk Svay,ប្រកាសលេខ ៤៩៣ ប្រ.ក,,
ភូមិ,1020913,អូរតាម៉ា,Ou Ta Ma,ប្រកាសលេខ ៤៩៣ ប្រ.ក,,
ភូមិ,1020914,កោះកែវ,Kaoh Kaev,ប្រកាសលេខ ៤៩៣ ប្រ.ក,,
ភូមិ,1020915,ផាស៊ីស្រា,Phasi Sra,ប្រកាសលេខ ៤៩៣ ប្រ.ក,,
ភូមិ,1020916,ឫស្សីក្រោក,Ruessei Kraok,ប្រកាសលេខ ៤៩៣ ប្រ.ក,,
ភូមិ,1020917,ជំទាវ,Chumteav,ប្រកាសលេខ ៤៩៣ ប្រ.ក,,
ឃុំ,10210,សំបួរ,Sambuor,ប្រកាសលេខ ៤៩៣ ប្រ.ក,,
ភូមិ,1021001,ឆ្នើមមាស,Chhnaeum Meas,ប្រកាសលេខ ៤៩៣ ប្រ.ក,,
ភូមិ,1021002,ស្រណាល,Sranal,ប្រកាសលេខ ៤៩៣ ប្រ.ក,,
ភូមិ,1021003,ឡ,La,ប្រកាសលេខ ៤៩៣ ប្រ.ក,,
ភូមិ,1021004,តាមែងពក,Ta Meaeng Pok,ប្រកាសលេខ ៤៩៣ ប្រ.ក,,
ភូមិ,1021005,សំបួរ,Sambuor,ប្រកាសលេខ ៤៩៣ ប្រ.ក,,
ភូមិ,1021006,ដូនឡឹក,Doun Loek,ប្រកាសលេខ ៤៩៣ ប្រ.ក,,
ភូមិ,1021007,ក្បាលក្របី,Kbal Krabei,ប្រកាសលេខ ៤៩៣ ប្រ.ក,,
ភូមិ,1021008,ស្រះឈូក,Srah Chhuk,ប្រកាសលេខ ៤៩៣ ប្រ.ក,,
ភូមិ,1021009,ស្រែព្រៃ,Srae Prey,ប្រកាសលេខ ៤៩៣ ប្រ.ក,,
ភូមិ,1021010,ចែកអង្ករ,Chaek Angkar,ប្រកាសលេខ ៤៩៣ ប្រ.ក,,
ភូមិ,1021011,ថ្មដប់,Thma Dab,ប្រកាសលេខ ៤៩៣ ប្រ.ក,,
ឃុំ,10211,សឿ,Soea,ប្រកាសលេខ ៤៩៣ ប្រ.ក,,
ភូមិ,1021101,តាម៉ៅ,Ta Mau,ប្រកាសលេខ ៤៩៣ ប្រ.ក,,
ភូមិ,1021102,អន្សមចេក,Ansam Chek,ប្រកាសលេខ ៤៩៣ ប្រ.ក,,
ភូមិ,1021103,ត្នោត,Tnaot,ប្រកាសលេខ ៤៩៣ ប្រ.ក,,
ភូមិ,1021104,បួរ,Buor,ប្រកាសលេខ ៤៩៣ ប្រ.ក,,
ភូមិ,1021105,បុស្សឡោក,Bos Laok,ប្រកាសលេខ ៤៩៣ ប្រ.ក,,
ភូមិ,1021106,សឿ,Soea,ប្រកាសលេខ ៤៩៣ ប្រ.ក,,
ភូមិ,1021107,បឹងតូច,Boeng Touch,ប្រកាសលេខ ៤៩៣ ប្រ.ក,,
ភូមិ,1021108,ផ្លូវដំរីលើ,Phlov Damrei Leu,ប្រកាសលេខ ៤៩៣ ប្រ.ក,,
ភូមិ,1021109,ផ្លូវដំរីក្រោម,Phlov Damrei Kraom,ប្រកាសលេខ ៤៩៣ ប្រ.ក,,
ភូមិ,1021110,អូរសឿ,Ou Soea,ប្រកាសលេខ ៤៩៣ ប្រ.ក,,
ភូមិ,1021111,គោកសំរោង,Kouk Samraong,ប្រកាសលេខ ៤៩៣ ប្រ.ក,,
ភូមិ,1021112,បល្ល័ង្គជ្រៃ,Balang Chrey,ប្រកាសលេខ ៣៥១១ ប្រ.ក,ប្រកាសលេខ ៣៥១១ ប្រ.ក,
ភូមិ,1021113,អូរជួបថ្មី,Ou Choub Thmey,ប្រកាសលេខ ៣៥១១ ប្រ.ក,ប្រកាសលេខ ៣៥១១ ប្រ.ក,
ឃុំ,10212,ស្រះរាំង,Srah Reang,ប្រកាសលេខ ៤៩៣ ប្រ.ក,,
ភូមិ,1021201,តាអ៊ិន១,Ta In Muoy,ប្រកាសលេខ ៤៩៣ ប្រ.ក,,
ភូមិ,1021202,តាអ៊ិន២,Ta In Pir,ប្រកាសលេខ ៤៩៣ ប្រ.ក,,
ភូមិ,1021203,ក្រូច,Krouch,ប្រកាសលេខ ៤៩៣ ប្រ.ក,,
ភូមិ,1021204,ចំការចេក,Chamkar Chek,ប្រកាសលេខ ៤៩៣ ប្រ.ក,,
ភូមិ,1021205,ស្រះរាំង,Srah Reang,ប្រកាសលេខ ៤៩៣ ប្រ.ក,,
ភូមិ,1021206,តាចាន់,Ta Chan,ប្រកាសលេខ ៤៩៣ ប្រ.ក,,
ភូមិ,1021207,គោកស្រុក,Kouk Srok,ប្រកាសលេខ ៤៩៣ ប្រ.ក,,
ភូមិ,1021208,គោកច្រាប,Kouk Chrab,ប្រកាសលេខ ៤៩៣ ប្រ.ក,,
ភូមិ,1021209,គោកក្រសាំង,Kouk Krasang,ប្រកាសលេខ ៤៩៣ ប្រ.ក,,
ឃុំ,10213,តាឡំ,Ta Lam,ប្រកាសលេខ ៤៩៣ ប្រ.ក,,
ភូមិ,1021301,ព្រះស្រែ,Preah Srae,ប្រកាសលេខ ៤៩៣ ប្រ.ក,,
ភូមិ,1021302,តាឡំកណ្ដាល,Ta Lam Kandal,ប្រកាសលេខ ៤៩៣ ប្រ.ក,,
ភូមិ,1021303,តាឡំចុង,Ta Lam Chong,ប្រកាសលេខ ៤៩៣ ប្រ.ក,,
ភូមិ,1021304,បឹងឃ្លាំងលិច,Boeng Khleang Lech,ប្រកាសលេខ ៤៩៣ ប្រ.ក,,
ភូមិ,1021305,ចុងគោក,Chong Kouk,ប្រកាសលេខ ៤៩៣ ប្រ.ក,,
ភូមិ,1021306,បឹងឃ្លាំងកើត,Boeng Khleang Kaeut,ប្រកាសលេខ ៤៩៣ ប្រ.ក,,
ភូមិ,1021307,ខ្លាខាំឆ្កែ,Khla Kham Chhkae,ប្រកាសលេខ ៤៩៣ ប្រ.ក,,
ភូមិ,1021308,បឹងវែង,Boeng Veaeng,ប្រកាសលេខ ៤៩៣ ប្រ.ក,,
ស្រុក,103,ភ្នំស្រុក,Phnum Srok,ប្រកាសលេខ ៤៩៣ប្រ.ក,,
ឃុំ,10301,ណាំតៅ,Nam Tau,ប្រកាសលេខ ៤៩៣ ប្រ.ក,,
ភូមិ,1030101,រង្វាន,Rongvean,ប្រកាសលេខ ៤៩៣ ប្រ.ក,,
ភូមិ,1030102,ថ្មីខាងត្បូង,Thmei Khang Tboung,ប្រកាសលេខ ៤៩៣ ប្រ.ក,,
ភូមិ,1030103,ថ្មីខាងជើង,Thmei Khang Cheung,ប្រកាសលេខ ៤៩៣ ប្រ.ក,,
ភូមិ,1030104,គោកយាង,Kouk Yeang,ប្រកាសលេខ ៤៩៣ ប្រ.ក,,
ភូមិ,1030105,គោកចាស់,Kouk Chas,ប្រកាសលេខ ៤៩៣ ប្រ.ក,,
ភូមិ,1030106,ច្រាប,Chrab,ប្រកាសលេខ ៤៩៣ ប្រ.ក,,
ភូមិ,1030107,កន្ទួត,Kantuot,ប្រកាសលេខ ៤៩៣ ប្រ.ក,,
ភូមិ,1030108,ណាំតៅ,Nam Tau,ប្រកាសលេខ ៤៩៣ ប្រ.ក,,
ភូមិ,1030109,ពង្រ,Pongro,ប្រកាសលេខ ៤៩៣ ប្រ.ក,,
ភូមិ,1030110,សំរោង,Samraong,ប្រកាសលេខ ៤៩៣ ប្រ.ក,,
ភូមិ,1030111,ក្នាំង,Khnang,ប្រកាសលេខ ៤៩៣ ប្រ.ក,,
ភូមិ,1030112,ធ្នង់ខាងត្បូង,Thnong Khang Tboung,ប្រកាសលេខ ៤៩៣ ប្រ.ក,,
ភូមិ,1030113,ធ្នង់ខាងជើង,Thnong Khang Cheung,ប្រកាសលេខ ៤៩៣ ប្រ.ក,,
ភូមិ,1030114,ស្លែង,Slaeng,ប្រកាសលេខ ៤៩៣ ប្រ.ក,,
ភូមិ,1030115,តាគង់,Takong,ប្រកាសលេខ ៤៩៣ ប្រ.ក,,
ភូមិ,1030116,យាងឧត្ដម,Yeang Otdam,ប្រកាសលេខ ៤៩៣ ប្រ.ក,,
ភូមិ,1030117,អំពិលកោង,Ampil Kaong,ប្រកាសលេខ ៤៩៣ ប្រ.ក,,
ភូមិ,1030118,កុងសៀម,Kong Siem,ប្រកាសលេខ ៤៩៣ ប្រ.ក,កែឈ្មោះពី គង់សៀម ទៅ កុងសៀម,
ឃុំ,10302,ប៉ោយចារ,Poy Char,ប្រកាសលេខ ៤៩៣ ប្រ.ក,,
ភូមិ,1030201,ប៉ោយស្នួល,Paoy Snuol,ប្រកាសលេខ ៤៩៣ ប្រ.ក,,
ភូមិ,1030202,ប៉ោយចារ,Paoy Char,ប្រកាសលេខ ៤៩៣ ប្រ.ក,,
ភូមិ,1030203,ត្រពាំងថ្មត្បូង,Trapeang Thma Tboung,ប្រកាសលេខ ៤៩៣ ប្រ.ក,,
ភូមិ,1030204,ត្រពាំងថ្មជើង,Trapeang Thma Cheung,ប្រកាសលេខ ៤៩៣ ប្រ.ក,,
ភូមិ,1030205,ត្រពាំងថ្មកណ្ដាល,Trapeang Thma Kandal,ប្រកាសលេខ ៤៩៣ ប្រ.ក,,
ភូមិ,1030206,ប៉ោយតាអុង,Paoy Ta Ong,ប្រកាសលេខ ៤៩៣ ប្រ.ក,,
ភូមិ,1030207,សំបួរ,Sambuor,ប្រកាសលេខ ៤៩៣ ប្រ.ក,,
ភូមិ,1030208,ពង្រ,Pongro,ប្រកាសលេខ ៤៩៣ ប្រ.ក,,
ភូមិ,1030209,កូនខ្លែង,Koun Klaeng,ប្រកាសលេខ ៣៥១២ ប្រ.ក,ភូមិថ្មី,
ភូមិ,1030210,ព្រះអណ្តូង,Pras Andoung,ប្រកាសលេខ ៣៥១២ ប្រ.ក,ភូមិថ្មី,
ឃុំ,10303,ពន្លៃ,Ponley,ប្រកាសលេខ ៤៩៣ ប្រ.ក,,
ភូមិ,1030301,តាវង,Ta Vong,ប្រកាសលេខ ៤៩៣ ប្រ.ក,,
ភូមិ,1030302,ពន្លៃ,Ponley,ប្រកាសលេខ ៤៩៣ ប្រ.ក,,
ភូមិ,1030303,ស្វាយស,Svay Sa,ប្រកាសលេខ ៤៩៣ ប្រ.ក,,
ភូមិ,1030304,ស្វាយខ្មៅ,Svay Khmau,ប្រកាសលេខ ៤៩៣ ប្រ.ក,,
ភូមិ,1030305,គោគតាសុខ,Kouk Ta Sokh,ប្រកាសលេខ ៤៩៣ ប្រ.ក,កែឈ្មោះពី គោកតាសុខ ទៅ គោគតាសុខ,
ភូមិ,1030306,ពោធិ៍រាំបុណ្យ,Pou Roam Bon,ប្រកាសលេខ ៤៩៣ ប្រ.ក,,
ឃុំ,10304,ស្ពានស្រែង,Spean Sraeng,ប្រកាសលេខ ៤៩៣ ប្រ.ក,,
ភូមិ,1030401,រោគ,Rouk,ប្រកាសលេខ ៤៩៣ ប្រ.ក,,
ភូមិ,1030402,មុខឈ្នាង,Mukh Chhneang,ប្រកាសលេខ ៤៩៣ ប្រ.ក,,
ភូមិ,1030403,ស្ពាន,Spean,ប្រកាសលេខ ៤៩៣ ប្រ.ក,,
ភូមិ,1030404,គោកចារ,Kouk Char,ប្រកាសលេខ ៤៩៣ ប្រ.ក,,
ភូមិ,1030405,កណ្ដាល,Kandal,ប្រកាសលេខ ៤៩៣ ប្រ.ក,,
ភូមិ,1030406,ពង្រ,Pongro,ប្រកាសលេខ ៤៩៣ ប្រ.ក,,
ឃុំ,10305,ស្រះជីក,Srah Chik,ប្រកាសលេខ ៤៩៣ ប្រ.ក,,
ភូមិ,1030501,មាត់ស្រះ,Moat Srah,ប្រកាសលេខ ៤៩៣ ប្រ.ក,,
ភូមិ,1030502,ស្រះឈូកខាងលិច,Srah Chhuk Khang Lech,ប្រកាសលេខ ៤៩៣ ប្រ.ក,,
ភូមិ,1030503,ស្រះជីក,Srah Chik,ប្រកាសលេខ ៤៩៣ ប្រ.ក,,
ភូមិ,1030504,គោកក្រោល,Kouk Kral,ប្រកាសលេខ ៤៩៣ ប្រ.ក,,
ភូមិ,1030505,គោករំចេក,Kouk Rumchek,ប្រកាសលេខ ៤៩៣ ប្រ.ក,,
ភូមិ,1030506,គោកតារាជ្យ,Kouk Ta Reach,ប្រកាសលេខ ៤៩៣ ប្រ.ក,,
ភូមិ,1030507,កណ្ដាលខាងលិច,Kandal Khang Lech,ប្រកាសលេខ ៤៩៣ ប្រ.ក,,
ភូមិ,1030508,កណ្ដាលខាងកើត,Kandal Khang Kaeut,ប្រកាសលេខ ៤៩៣ ប្រ.ក,,
ភូមិ,1030509,ស្រះឈូកខាងកើត,Srah Chhuk Khang Kaeut,ប្រកាសលេខ ៤៩៣ ប្រ.ក,,
ឃុំ,10306,ភ្នំដី,Phnum Dei,ប្រកាសលេខ ៤៩៣ ប្រ.ក,,
ភូមិ,1030601,ភ្នំដី,Phnum Dei,ប្រកាសលេខ ៤៩៣ ប្រ.ក,,
ភូមិ,1030602,ពន្លៃ,Ponley,ប្រកាសលេខ ៤៩៣ ប្រ.ក,,
ភូមិ,1030603,គោកសេះ,Kouk Seh,ប្រកាសលេខ ៤៩៣ ប្រ.ក,,
ភូមិ,1030604,ថ្នល់ដាច់,Thnal Dach,ប្រកាសលេខ ៤៩៣ ប្រ.ក,,
ភូមិ,1030605,បុស្បូវ,Bos Sbov,ប្រកាសលេខ ៤៩៣ ប្រ.ក,កែឈ្មោះពី បុស្សស្បូវ ទៅ បុស្បូវ,
ភូមិ,1030606,ត្រពាំងប្រីយ៍,Trapeang Prei,ប្រកាសលេខ ៤៩៣ ប្រ.ក,កែឈ្មោះពី ត្រពាំងប្រិយ ទៅ ត្រពាំងប្រីយ៍,
ភូមិ,1030607,កំពីងពួយ,Kamping Puoy,ប្រកាសលេខ ៤៩៣ ប្រ.ក,,
ភូមិ,1030608,ស្ពានក្មេង,Spean Khmeng,ប្រកាសលេខ ៤៩៣ ប្រ.ក,,
ភូមិ,1030609,ត្រាង,Trang,ប្រកាសលេខ ៤៩៣ ប្រ.ក,,
ភូមិ,1030610,កំពីងពួយមួយ,Kamping Puoy Muoy,ប្រកាសលេខ​ ៦៥៣៣​ ប្រ.ក ចុះថ្ងៃទី ២១​ វិច្ឆិកា ២០២២ របស់ ក្រសួងមហាផ្ទៃ,,
ភូមិ,1030611,ពន្លៃត្បូង,Ponley Tbong,ប្រកាសលេខ​ ៦៥៣៣​ ប្រ.ក ចុះថ្ងៃទី ២១​ វិច្ឆិកា ២០២២ របស់ ក្រសួងមហាផ្ទៃ,,
ស្រុក,104,ព្រះនេត្រព្រះ,Preah Netr Preah,ប្រកាសលេខ ៤៩៣ប្រ.ក,,
ឃុំ,10401,ឈ្នួរមានជ័យ,Chnuor Mean Chey,ប្រកាសលេខ ៤៩៣ ប្រ.ក,,
ភូមិ,1040101,សំរោងតូច,Samraong Touch,ប្រកាសលេខ ៤៩៣ ប្រ.ក,,
ភូមិ,1040102,គោកពង្រ,Kouk Pongro,ប្រកាសលេខ ៤៩៣ ប្រ.ក,,
ភូមិ,1040103,ថ្មគោល,Thma Koul,ប្រកាសលេខ ៤៩៣ ប្រ.ក,,
ភូមិ,1040104,ប្រពុត,Proput,ប្រកាសលេខ ៤៩៣ ប្រ.ក,,
ភូមិ,1040105,បន្ទាត់បោះ,Bantoat Baoh,ប្រកាសលេខ ៤៩៣ ប្រ.ក,,
ភូមិ,1040106,គោកទ្រាស,Kouk Treas,ប្រកាសលេខ ៤៩៣ ប្រ.ក,,
ភូមិ,1040107,ឈ្នួរ,Chhnuor,ប្រកាសលេខ ៤៩៣ ប្រ.ក,,
ភូមិ,1040108,សំរោងធំ,Samraong Thum,ប្រកាសលេខ ៤៩៣ ប្រ.ក,,
ភូមិ,1040109,ឫស្សីខាង,Ruessei Khang,ប្រកាសលេខ ៤៩៣ ប្រ.ក,,
ភូមិ,1040110,ឫស្សីកណ្ដាល,Ruessei Kandal,ប្រកាសលេខ ៤៩៣ ប្រ.ក,,
ភូមិ,1040111,រពាត់,Ropeatt,ប្រកាសលេខ ៤៩៣ ប្រ.ក,កែឈ្មោះពី រំពាក់ ទៅ រពាត់,
ភូមិ,1040112,គោកត្រាច,Kouk Trach,ប្រកាសលេខ ៤៩៣ ប្រ.ក,,
ឃុំ,10402,ជប់វារី,Chob Vari,ប្រកាសលេខ ៤៩៣ ប្រ.ក,,
ភូមិ,1040201,ជប់,Chob,ប្រកាសលេខ ៤៩៣ ប្រ.ក,,
ភូមិ,1040202,រោលជ្រូក,Roul Chruk,ប្រកាសលេខ ៤៩៣ ប្រ.ក,,
ភូមិ,1040203,ប្រាសាទ,Prasat,ប្រកាសលេខ ៤៩៣ ប្រ.ក,,
ភូមិ,1040204,ក្រសាំងថ្មី,Krasang Thmei,ប្រកាសលេខ ៤៩៣ ប្រ.ក,,
ភូមិ,1040205,ប្រដាក,Pradak,ប្រកាសលេខ ៤៩៣ ប្រ.ក,,
ភូមិ,1040206,ជ្រាប់ថ្មី,Chroab Thmei,ប្រកាសលេខ ៤៩៣ ប្រ.ក,,
ភូមិ,1040207,ជ្រាប់ចាស់,Chroab Chas,ប្រកាសលេខ ៤៩៣ ប្រ.ក,,
ភូមិ,1040208,កក់,Kak,ប្រកាសលេខ ៤៩៣ ប្រ.ក,,
ភូមិ,1040209,គោកលុន,Kouk Lun,ប្រកាសលេខ ៤៩៣ ប្រ.ក,,
ភូមិ,1040210,ភ្នំជញ្ជាំង,Phnum Chonhcheang,ប្រកាសលេខ ៤៩៣ ប្រ.ក,,
ភូមិ,1040211,ចក្រី,Chakkrei,ប្រកាសលេខ ៤៩៣ ប្រ.ក,,
ឃុំ,10403,ភ្នំលៀប,Phnum Lieb,ប្រកាសលេខ ៤៩៣ ប្រ.ក,,
ភូមិ,1040301,ភ្នំលៀបកើត,Phnum Lieb Kaeut,ប្រកាសលេខ ៤៩៣ ប្រ.ក,,
ភូមិ,1040302,ភ្នំលៀបលិច,Phnum Lieb Lech,ប្រកាសលេខ ៤៩៣ ប្រ.ក,,
ភូមិ,1040303,ទ្រយោង,Troyoung,ប្រកាសលេខ ៤៩៣ ប្រ.ក,,
ភូមិ,1040304,ទ្រលោកជើង,Tro Louk Cheung,ប្រកាសលេខ ៤៩៣ ប្រ.ក,,
ភូមិ,1040305,ទ្រលោកលិច,Tro Louk Lech,ប្រកាសលេខ ៤៩៣ ប្រ.ក,,
ភូមិ,1040306,ទ្រលោកត្បូង,Tro Louk Tboung,ប្រកាសលេខ ៤៩៣ ប្រ.ក,,
ភូមិ,1040307,ឡោទេ,Laote,ប្រកាសលេខ ៤៩៣ ប្រ.ក,,
ភូមិ,1040308,រំដួល,Rumduol,ប្រកាសលេខ ៤៩៣ ប្រ.ក,,
ភូមិ,1040309,ព្រីងជួរ,Pring Chuor,ប្រកាសលេខ ៤៩៣ ប្រ.ក,,
ភូមិ,1040310,កន្ដ្រប់,Kantrab,ប្រកាសលេខ ៤៩៣ ប្រ.ក,,
ភូមិ,1040311,ត្នោត,Tnaot,ប្រកាសលេខ ៤៩៣ ប្រ.ក,,
ភូមិ,1040312,អន្លង់សា,Anlong Sa,ប្រកាសលេខ ៤៩៣ ប្រ.ក,,
ភូមិ,1040313,កណ្ដោល,Kandaol,ប្រកាសលេខ ៤៩៣ ប្រ.ក,,
ភូមិ,1040314,កំបោរ,Kambaor,ប្រកាសលេខ ៤៩៣ ប្រ.ក,,
ភូមិ,1040315,កាបៅ,Kabau,ប្រកាសលេខ ៤៩៣ ប្រ.ក,,
ភូមិ,1040316,កំពង់ក្រសាំង,Kampong Krasang,ប្រកាសលេខ ៤៩៣ ប្រ.ក,,
ឃុំ,10404,ប្រាសាទ,Prasat,ប្រកាសលេខ ៤៩៣ ប្រ.ក,,
ភូមិ,1040401,ចារ,Char,ប្រកាសលេខ ៤៩៣ ប្រ.ក,,
ភូមិ,1040402,បត់ត្រង់,Bat Trang,ប្រកាសលេខ ៤៩៣ ប្រ.ក,,
ភូមិ,1040403,សំពៅលូន,Sampov Lun,ប្រកាសលេខ ៤៩៣ ប្រ.ក,,
ភូមិ,1040404,ផ្លូវលាវ,Phlov Leav,ប្រកាសលេខ ៤៩៣ ប្រ.ក,,
ភូមិ,1040405,តាអំ,Ta Am,ប្រកាសលេខ ៤៩៣ ប្រ.ក,,
ភូមិ,1040406,អំពិល,Ampil,ប្រកាសលេខ ៤៩៣ ប្រ.ក,,
ភូមិ,1040407,កណ្ដាល,Kandal,ប្រកាសលេខ ៤៩៣ ប្រ.ក,,
ភូមិ,1040408,ថ្មី,Thmei,ប្រកាសលេខ ៤៩៣ ប្រ.ក,,
ភូមិ,1040409,ឱម៉ាល់,Aomal,ប្រកាសលេខ ៤៩៣ ប្រ.ក,,
ភូមិ,1040410,ទម្លាប់,Tumloab,ប្រកាសលេខ ៤៩៣ ប្រ.ក,,
ភូមិ,1040411,កៀនបន្ទាយ,Kien Banteay,ប្រកាសលេខ ៤៩៣ ប្រ.ក,,
ភូមិ,1040412,ប្រាសាទ,Prasat,ប្រកាសលេខ ៤៩៣ ប្រ.ក,,
ភូមិ,1040413,អន្លង់សា,Anlong Sa,ប្រកាសលេខ ៤៩៣ ប្រ.ក,,
ភូមិ,1040414,កំព្រាម,Kampream,ប្រកាសលេខ ៤៩៣ ប្រ.ក,,
ឃុំ,10405,ព្រះនេត្រព្រះ,Preak Netr Preah,ប្រកាសលេខ ៤៩៣ ប្រ.ក,,
ភូមិ,1040501,ប៉ោយក្ដឿង,Paoy Kdoeang,ប្រកាសលេខ ៤៩៣ ប្រ.ក,,
ភូមិ,1040502,ជើងវត្ដ,Cheung Voat,ប្រកាសលេខ ៤៩៣ ប្រ.ក,,
ភូមិ,1040503,កណ្ដាល,Kandal,ប្រកាសលេខ ៤៩៣ ប្រ.ក,,
ភូមិ,1040504,ប៉ុស្ដិចាស់,Post Chas,ប្រកាសលេខ ៤៩៣ ប្រ.ក,,
ភូមិ,1040505,ប៉ោយសំរោង,Paoy Samraong,ប្រកាសលេខ ៤៩៣ ប្រ.ក,,
ភូមិ,1040506,ប៉ោយព្រីង,Paoy Pring,ប្រកាសលេខ ៤៩៣ ប្រ.ក,,
ភូមិ,1040507,ប៉ោយតាប៉ែន,Paoy Ta Paen,ប្រកាសលេខ ៤៩៣ ប្រ.ក,,
ភូមិ,1040508,ស្រេះកើត,Sreh Kaeut,ប្រកាសលេខ ៤៩៣ ប្រ.ក,,
ភូមិ,1040509,ស្រេះលិច,Sreh Lech,ប្រកាសលេខ ៤៩៣ ប្រ.ក,,
ភូមិ,1040510,គោកស្រុក,Kouk Srok,ប្រកាសលេខ ៤៩៣ ប្រ.ក,,
ភូមិ,1040511,ស្រមោច,Sramaoch,ប្រកាសលេខ ៤៩៣ ប្រ.ក,,
ភូមិ,1040512,ពាមស្រេះ,Peam Sreh,ប្រកាសលេខ ៤៩៣ ប្រ.ក,,
ភូមិ,1040513,ដូនច្រែង,Doun Chraeng,ប្រកាសលេខ ៤៩៣ ប្រ.ក,,
ឃុំ,10406,រហាល,Rohal,ប្រកាសលេខ ៤៩៣ ប្រ.ក,,
ភូមិ,1040601,រហាល,Rohal,ប្រកាសលេខ ៤៩៣ ប្រ.ក,,
ភូមិ,1040602,សាលាឆេះ,Sala Chheh,ប្រកាសលេខ ៤៩៣ ប្រ.ក,,
ភូមិ,1040603,ចក,Chak,ប្រកាសលេខ ៤៩៣ ប្រ.ក,,
ភូមិ,1040604,ទេពកោសា,Tep Kaosa,ប្រកាសលេខ ៤៩៣ ប្រ.ក,,
ភូមិ,1040605,ស្នាយ,Snay,ប្រកាសលេខ ៤៩៣ ប្រ.ក,,
ភូមិ,1040606,អន្លង់ថ្ម,Anlong Thma,ប្រកាសលេខ ៤៩៣ ប្រ.ក,,
ភូមិ,1040607,ពពេល,Popel,ប្រកាសលេខ ៤៩៣ ប្រ.ក,,
ភូមិ,1040608,ប៉ោយស្វាយ,Paoy Svay,ប្រកាសលេខ ៤៩៣ ប្រ.ក,,
ភូមិ,1040609,ឫស្សី,Ruessei,ប្រកាសលេខ ៤៩៣ ប្រ.ក,,
ភូមិ,1040610,ព្រៃមាន់,Prey Moan,ប្រកាសលេខ ៤៩៣ ប្រ.ក,,
ភូមិ,1040611,ស្ទឹងកំបុត,Stueng Kambot,ប្រកាសលេខ ៤៩៣ ប្រ.ក,,
ឃុំ,10407,ទានកាំ,Tean Kam,ប្រកាសលេខ ៤៩៣ ប្រ.ក,,
ភូមិ,1040701,បន្ទាត់បោះ,Bantoat Baoh,ប្រកាសលេខ ៤៩៣ ប្រ.ក,,
ភូមិ,1040702,ទានកាំលិច,Tean Kam Lech,ប្រកាសលេខ ៤៩៣ ប្រ.ក,,
ភូមិ,1040703,ទានកាំជើង,Tean Kam Cheung,ប្រកាសលេខ ៤៩៣ ប្រ.ក,,
ភូមិ,1040704,ទានកាំត្បូង,Tean Kam Tboung,ប្រកាសលេខ ៤៩៣ ប្រ.ក,,
ភូមិ,1040705,អូរ,Ou,ប្រកាសលេខ ៤៩៣ ប្រ.ក,,
ភូមិ,1040706,តាអ៊ុន,Ta Un,ប្រកាសលេខ ៤៩៣ ប្រ.ក,,
ឃុំ,10408,ទឹកជោរ,Tuek Chour,ប្រកាសលេខ ៤៩៣ ប្រ.ក,,
ភូមិ,1040801,ស្មាច់,Smach,ប្រកាសលេខ ៤៩៣ ប្រ.ក,,
ភូមិ,1040802,ប៉ោយចារ,Paoy Char,ប្រកាសលេខ ៤៩៣ ប្រ.ក,,
ភូមិ,1040803,តាខែក,Ta Khaek,ប្រកាសលេខ ៤៩៣ ប្រ.ក,,
ភូមិ,1040804,គោកកី,Kouk kei,ប្រកាសលេខ ៤៩៣ ប្រ.ក,,
ភូមិ,1040805,ទន្លាប់,Tonloab,ប្រកាសលេខ ៤៩៣ ប្រ.ក,,
ភូមិ,1040806,គោកទៀម,Kouk Tiem,ប្រកាសលេខ ៤៩៣ ប្រ.ក,,
ភូមិ,1040807,ចារលើ,Char Leu,ប្រកាសលេខ ៤៩៣ ប្រ.ក,,
ភូមិ,1040808,កន្ទួត,Kantuot,ប្រកាសលេខ ៤៩៣ ប្រ.ក,,
ភូមិ,1040809,ថ្មី,Thmei,ប្រកាសលេខ ៤៩៣ ប្រ.ក,,
ភូមិ,1040810,កណ្ដាល,Kandal,ប្រកាសលេខ ៤៩៣ ប្រ.ក,,
ភូមិ,1040811,ទឹកជោរ,Tuek Chour,ប្រកាសលេខ ៤៩៣ ប្រ.ក,,
ភូមិ,1040812,តាសៀវ,Ta Siev,ប្រកាសលេខ ៤៩៣ ប្រ.ក,,
ភូមិ,1040813,កំពង់ថ្កូវ,Kampong Thkov,ប្រកាសលេខ ៤៩៣ ប្រ.ក,,
ភូមិ,1040814,តាប៉ុន,Ta Pon,ប្រកាសលេខ ៤៩៣ ប្រ.ក,,
ភូមិ,1040815,ស្នាយល្អ,Snay L'a,ប្រកាសលេខ ៤៩៣ ប្រ.ក,,
ភូមិ,1040816,តាដែក,Ta Daek,ប្រកាសលេខ ៤៩៣ ប្រ.ក,,
ភូមិ,1040817,សំរោង,Samraong,ប្រកាសលេខ ៤៩៣ ប្រ.ក,,
ភូមិ,1040818,អន្លង់វិល,Anlong Vil,ប្រកាសលេខ ៤៩៣ ប្រ.ក,,
ឃុំ,10409,បុស្បូវ,Bos Sbov,ប្រកាសលេខ ១៦ អនក្រ.បក,,
ភូមិ,1040901,ត្របែក,Trabaek,ប្រកាសលេខ ៤៩៣ ប្រ.ក,,
ភូមិ,1040902,កណ្ដាល,Kandal,ប្រកាសលេខ ៤៩៣ ប្រ.ក,,
ភូមិ,1040903,គោកធំ,Kouk Thum,ប្រកាសលេខ ៤៩៣ ប្រ.ក,,
ភូមិ,1040904,បុស្បូវ,Bos Sbov,ប្រកាសលេខ ១៦ អនក្រ.បក,,
ភូមិ,1040905,សូត្រមន្ដ,Soutr Mont,ប្រកាសលេខ ៤៩៣ ប្រ.ក,,
ភូមិ,1040906,ស្រះខ្ទំ,Srah Khtum,ប្រកាសលេខ ៤៩៣ ប្រ.ក,,
ភូមិ,1040907,តាបៅ,Tabau,ប្រកាសលេខ ៤៩៣ ប្រ.ក,កែឈ្មោះពី កាបៅ ទៅ តាបៅ,
ភូមិ,1040908,ក្បាលខ្ទីង,Kbal Khting,ប្រកាសលេខ ៤៩៣ ប្រ.ក,,
ភូមិ,1040909,ស្មាច់,Smach,ប្រកាសលេខ ៤៩៣ ប្រ.ក,,
ភូមិ,1040910,បឹងវែង,Boeng Veaeng,ប្រកាសលេខ ៤៩៣ ប្រ.ក,,
ភូមិ,1040911,បន្ទាត់បោះ,Bantoat Baoh,ប្រកាសលេខ ៤៩៣ ប្រ.ក,,
ភូមិ,1040912,ព្រីងកោង,Pring Kaong,ប្រកាសលេខ ៤៩៣ ប្រ.ក,,
ភូមិ,1040913,ខ្ចាស់,Khchas,ប្រកាសលេខ ៤៩៣ ប្រ.ក,,
ភូមិ,1040914,ខ្ញែរ,Khnhaer,ប្រកាសលេខ ៤៩៣ ប្រ.ក,,
ភូមិ,1040915,ឃូស្វាយ,Khu Svay,ប្រកាសលេខ ៤៩៣ ប្រ.ក,,
ភូមិ,1040916,ខ្វាវ,Khvav,ប្រកាសលេខ ៤៩៣ ប្រ.ក,,
ភូមិ,1040917,ត្បែង,Tbaeng,ប្រកាសលេខ ៤៩៣ ប្រ.ក,,
ស្រុក,105,អូរជ្រៅ,Ou Chrov,ប្រកាសលេខ ៤៩៣ ប្រ.ក,,
ឃុំ,10501,ចង្ហា,Changha,ប្រកាសលេខ ៤៩៣ ប្រ.ក,,
ភូមិ,1050101,បឹងសិលា,Boeng Seila,ប្រកាសលេខ ៤៩៣ ប្រ.ក,,
ភូមិ,1050102,តាជ្រឹង,Ta Chrueng,ប្រកាសលេខ ៤៩៣ ប្រ.ក,,
ភូមិ,1050103,តាផោក,Ta Phaok,ប្រកាសលេខ ៤៩៣ ប្រ.ក,,
ភូមិ,1050104,ប៉ោយវត្ដ,Paoy Voat,ប្រកាសលេខ ៤៩៣ ប្រ.ក,,
ភូមិ,1050105,ឈូក,Chhuk,ប្រកាសលេខ ៤៩៣ ប្រ.ក,,
ភូមិ,1050106,ជ្រៃ,Chrey,ប្រកាសលេខ ៤៩៣ ប្រ.ក,,
ឃុំ,10502,កូប,Koub,ប្រកាសលេខ ៤៩៣ ប្រ.ក,,
ភូមិ,1050201,យាងថ្មី,Yeang thmei,ប្រកាសលេខ ៤៩៣ ប្រ.ក,,
ភូមិ,1050202,ម៉ក់ហឺន,Mak Heun,ប្រកាសលេខ ៤៩៣ ប្រ.ក,,
ភូមិ,1050203,វាំងមួង,Veang Muong,ប្រកាសលេខ ៤៩៣ ប្រ.ក,,
ភូមិ,1050204,កូបកើត,Koub Kaeut,ប្រកាសលេខ ៤៩៣ ប្រ.ក,,
ភូមិ,1050205,ខៃដន,Khai Dan,ប្រកាសលេខ ៤៩៣ ប្រ.ក,,
ភូមិ,1050206,ណាកាឆាយ,Naka Chhay,ប្រកាសលេខ ៤៩៣ ប្រ.ក,,
ភូមិ,1050207,កូបលិច,Koub Lech,ប្រកាសលេខ ៤៩៣ ប្រ.ក,,
ភូមិ,1050208,កូបជើង,Koub Cheung,ប្រកាសលេខ ៤៩៣ ប្រ.ក,,
ភូមិ,1050209,អូរជ្រៅ,Ou Chrov,ប្រកាសលេខ ៤៩៣ ប្រ.ក,,
ភូមិ,1050210,សូរិយាថ្មី,Souriya Thmei,ប្រកាសលេខ ៤៩៣ ប្រ.ក,,
ភូមិ,1050211,កូនត្រី,Koun Trei,ប្រកាសលេខ ៤៩៣ ប្រ.ក,,
ឃុំ,10503,គុត្ដសត,Kuttasat,ប្រកាសលេខ ៤៩៣ ប្រ.ក,,
ភូមិ,1050301,កូបតូច,Koub Touch,ប្រកាសលេខ ៤៩៣ ប្រ.ក,,
ភូមិ,1050302,កោះចារ,Kaoh Char,ប្រកាសលេខ ៤៩៣ ប្រ.ក,,
ភូមិ,1050303,គុត្ដសត,Kuttaksat,ប្រកាសលេខ ៤៩៣ ប្រ.ក,,
ភូមិ,1050304,យាយអត,Yeay At,ប្រកាសលេខ ៤៩៣ ប្រ.ក,,
ឃុំ,10505,សំរោង,Samraong,ប្រកាសលេខ ៤៩៣ ប្រ.ក,,
ភូមិ,1050501,បន្លិច,Banlech,ប្រកាសលេខ ៤៩៣ ប្រ.ក,,
ភូមិ,1050502,អ្នកតាឈរ,Neak Ta Chhor,ប្រកាសលេខ ៤៩៣ ប្រ.ក,,
ភូមិ,1050503,សំរោង,Samraong,ប្រកាសលេខ ៤៩៣ ប្រ.ក,,
ភូមិ,1050504,កំពង់រាប,Kampong Reab,ប្រកាសលេខ ៤៩៣ ប្រ.ក,,
ភូមិ,1050505,ថ្មី,Thmei,ប្រកាសលេខ ៤៩៣ ប្រ.ក,,
ភូមិ,1050506,ធ្មេញត្រី,Thmenh Trei,ប្រកាសលេខ ៤៩៣ ប្រ.ក,,
ភូមិ,1050507,បត់ត្រង់,Bat Trang,ប្រកាសលេខ ៤៩៣ ប្រ.ក,,
ភូមិ,1050508,អញ្ចាញ,Anhchanh,ប្រកាសលេខ ៤៩៣ ប្រ.ក,,
ភូមិ,1050509,វត្ដ,Voat,ប្រកាសលេខ ៤៩៣ ប្រ.ក,,
ភូមិ,1050510,កណ្ដាល,Kandal,ប្រកាសលេខ ៤៩៣ ប្រ.ក,,
ឃុំ,10506,សូភី,Souphi,ប្រកាសលេខ ៤៩៣ ប្រ.ក,,
ភូមិ,1050601,សូភីជើង,Souphi Cheung,ប្រកាសលេខ ៤៩៣ ប្រ.ក,,
ភូមិ,1050602,សូភីកណ្ដាល,Souphi Kandal,ប្រកាសលេខ ៤៩៣ ប្រ.ក,,
ភូមិ,1050603,សូភីត្បូង,Souphi Tboung,ប្រកាសលេខ ៤៩៣ ប្រ.ក,,
ភូមិ,1050604,គោកចក,Kouk Chak,ប្រកាសលេខ ៤៩៣ ប្រ.ក,,
ភូមិ,1050605,គោកព្រិច,Kouk Prich,ប្រកាសលេខ ៤៩៣ ប្រ.ក,,
ឃុំ,10507,សឹង្ហ,Soengh,ប្រកាសលេខ ៤៩៣ ប្រ.ក,,
ភូមិ,1050701,សឹង្ហលិច,Soengh Lech,ប្រកាសលេខ ៤៩៣ ប្រ.ក,,
ភូមិ,1050702,រកា,Roka,ប្រកាសលេខ ៤៩៣ ប្រ.ក,,
ភូមិ,1050703,អន្លង់ស្វាយ,Anlong Svay,ប្រកាសលេខ ៤៩៣ ប្រ.ក,,
ភូមិ,1050704,សឹង្ហត្បូង,Soengh Tboung,ប្រកាសលេខ ៤៩៣ ប្រ.ក,,
ភូមិ,1050705,ផ្គាំ,Phkoam,ប្រកាសលេខ ៤៩៣ ប្រ.ក,,
ភូមិ,1050706,ពង្រ,Pongro,ប្រកាសលេខ ៤៩៣ ប្រ.ក,,
ភូមិ,1050707,ត្នោត,Tnaot,ប្រកាសលេខ ៤៩៣ ប្រ.ក,,
ភូមិ,1050708,កណ្ដាល,Kandal,ប្រកាសលេខ ៤៩៣ ប្រ.ក,,
ភូមិ,1050709,រុន,Run,ប្រកាសលេខ ៤៩៣ ប្រ.ក,,
ឃុំ,10509,អូរបីជាន់,Ou Beichoan,ប្រកាសលេខ ៤៩៣ ប្រ.ក,,
ភូមិ,1050901,បន្ទាយថ្មី,Banteay Thmei,ប្រកាសលេខ ៤៩៣ ប្រ.ក,,
ភូមិ,1050902,ជោគជ័យ,Chouk Chey,ប្រកាសលេខ ៤៩៣ ប្រ.ក,,
ភូមិ,1050903,អូរបីជាន់,Ou Beichoan,ប្រកាសលេខ ៤៩៣ ប្រ.ក,,
ភូមិ,1050904,ប្រាសាទ,Prasat,ប្រកាសលេខ ៤៩៣ ប្រ.ក,,
ភូមិ,1050905,ព្រៃចាន់,Prey Chan,ប្រកាសលេខ ៤៩៣ ប្រ.ក,,
ភូមិ,1050906,ព្រាវចាស់,Preav Chas,ប្រកាសលេខ ៤៩៣ ប្រ.ក,,
ភូមិ,1050907,សិលាខ្មែរ,Seila Khmer,ប្រកាសលេខ ៤៩៣ ប្រ.ក,,
ភូមិ,1050908,ស្នួលទ្រេត,Snuol Tret,ប្រកាសលេខ ៤៩៣ ប្រ.ក,,
ភូមិ,1050909,ថ្នល់បត់,Thnal Bat,ប្រកាសលេខ ៤៩៣ ប្រ.ក,,
ភូមិ,1050910,ទំនប់ដាច់,Tomnob Dach,ប្រកាសលេខ ៤៩៣ ប្រ.ក,,
ភូមិ,1050911,យាងដង្គំ,Yeang Dangkum,ប្រកាសលេខ ៤៩៣ ប្រ.ក,,
ក្រុង,106,សិរីសោភ័ណ,Serei Saophoan,អនុក្រឹត្យលេខ ១៦អនក្រ.បក,អនុក្រឹត្យលេខ ១៦អនក្រ.បក ស្តីពីការប្តូរស្រុកសិរីសោភ័ណ ទៅជាក្រុងសិរីសោភ័ណ នៃខេត្តបន្ទាយមានជ័យ,
សង្កាត់,10602,កំពង់ស្វាយ,Kampong Svay,អនុក្រឹត្យលេខ ១៦ អនក្រ.បក,,
ភូមិ,1060201,កំពង់ស្វាយ,Kampong Svay,អនុក្រឹត្យលេខ ១៦ អនក្រ.បក,,
ភូមិ,1060202,កងវ៉ា,Kangva,អនុក្រឹត្យលេខ ១៦ អនក្រ.បក,កែឈ្មោះពី កង្វា ទៅ កងវ៉ា,
ភូមិ,1060203,ភូមិ ២,Phum Pir,ប្រកាសលេខ ៤៩៣ ប្រ.ក,,
ភូមិ,1060204,ពង្រ,Pongro,ប្រកាសលេខ ៤៩៣ ប្រ.ក,,
ភូមិ,1060205,សូភី,Souphi,ប្រកាសលេខ ៤៩៣ ប្រ.ក,,
ភូមិ,1060206,តារាងបាល់,Tarang Bal,ប្រកាសលេខ ៤៨៦០ ប្រ.ក,បំបែកចេញពីភូមិកំពង់ស្វាយ,
ភូមិ,1060207,ភ្នំកន្ទួត,Phnom Kantuot,ប្រកាសលេខ ៤៨៦០ ប្រ.ក,បំបែកចេញពីភូមិសូភី,
ភូមិ,1060208,ខ្លាកូនចាស់,Kla Koun Chas,ប្រកាសលេខ ៤៨៦០ ប្រ.ក,បំបែកចេញពីភូមិ ២,
ភូមិ,1060209,ខ្លាកូនថ្មី,Kla Koun Thmey,ប្រកាសលេខ ៤៨៦០ ប្រ.ក,បំបែកចេញពីភូមិ ២,
សង្កាត់,10603,កោះពងសត្វ,Kaoh Pong Satv,អនុក្រឹត្យលេខ ១៦ អនក្រ.បក,,
ភូមិ,1060301,កោះពងសត្វ,Kaoh Pong Satv,អនុក្រឹត្យលេខ ១៦ អនក្រ.បក,,
ភូមិ,1060302,តាសុខ,Ta Sok,ប្រកាសលេខ ៤៩៣ ប្រ.ក,,
ភូមិ,1060303,ព្រះអង្គ,Preah Angk,ប្រកាសលេខ ៤៩៣ ប្រ.ក,,
ភូមិ,1060304,ស្នាយដង្គត់,Snay Dangkot,ប្រកាសលេខ ៤៩៣ ប្រ.ក,,
ភូមិ,1060305,អង្គាបុស្ប,Angkear Bos,អនុក្រឹត្យលេខ ១៦ អនក្រ.បក,កែឈ្មោះពី អង្គារបុស្ស ទៅ អង្គាបុស្ប,
សង្កាត់,10604,ម្កាក់,Mkak,ប្រកាសលេខ ១៦ អនក្រ.បក,,
ភូមិ,1060401,ម្កាក់,Mkak,ប្រកាសលេខ ១៦ អនក្រ. បក,,
ភូមិ,1060402,ក្បាលស្ពាន,Kbal Spean,ប្រកាសលេខ ៤៩៣ ប្រ.ក,,
ភូមិ,1060403,តាម៉ា,Ta Ma,ប្រកាសលេខ ៤៩៣ ប្រ.ក,,
ភូមិ,1060404,គោកលៀប,Kouk Lieb,ប្រកាសលេខ ៤៩៣ ប្រ.ក,,
ភូមិ,1060405,ឈូក,Chhuk,ប្រកាសលេខ ៤៩៣ ប្រ.ក,,
ភូមិ,1060406,ដូនឡី,Doun Lei,ប្រកាសលេខ ៤៩៣ ប្រ.ក,,
ភូមិ,1060407,បែកចាន,Baek Chan,ប្រកាសលេខ ៤៩៣ ប្រ.ក,,
សង្កាត់,10605,អូរអំបិល,Ou Ambel,ប្រកាសលេខ ១៦ អនក្រ.បក,,
ភូមិ,1060501,សែសិន,Saesen,ប្រកាសលេខ ៤៩៣ ប្រ.ក,,
ភូមិ,1060502,គោរដ្ឋាន,Kourothan,ប្រកាសលេខ ៤៩៣ ប្រ.ក,,
ភូមិ,1060503,រោងម៉ាស៊ីន,Roung Masin,ប្រកាសលេខ ៤៩៣ ប្រ.ក,,
ភូមិ,1060504,ព្រហូត,Prohut,ប្រកាសលេខ ៤៩៣ ប្រ.ក,,
ភូមិ,1060505,អូរអំបិល,Ou Ambel,ប្រកាសលេខ ១៦ អនក្រ. បក,,
សង្កាត់,10606,ភ្នៀត,Phniet,ប្រកាសលេខ ១៦ អនក្រ.បក,,
ភូមិ,1060601,កន្ទួត,Kantuot,ប្រកាសលេខ ៤៩៣ ប្រ.ក,,
ភូមិ,1060602,កំព្រីង,Kampring,ប្រកាសលេខ ៤៩៣ ប្រ.ក,,
ភូមិ,1060603,ភ្នៀត,Phniet,ប្រកាសលេខ ១៦ អនក្រ. បក,,
ភូមិ,1060604,អ្នកតា,Neak Ta,ប្រកាសលេខ ៤៩៣ ប្រ.ក,,
ភូមិ,1060605,ភូមិថ្មី,Phum Thmei,ប្រកាសលេខ ៤៩៣ ប្រ.ក,,
ភូមិ,1060606,បង្រុះ,Bangruh,ប្រកាសលេខ ៤៩៣ ប្រ.ក,,
ភូមិ,1060607,សាលាក្រៅ,Sala Krau,ប្រកាសលេខ ៤៩៣ ប្រ.ក,,
សង្កាត់,10607,ព្រះពន្លា,Preah Ponlea,ប្រកាសលេខ ១៦ អនក្រ.បក,,
ភូមិ,1060701,ចក,Chak,ប្រកាសលេខ ៤៩៣ ប្រ.ក,,
ភូមិ,1060702,ភូមិ ១,Phum Muoy,ប្រកាសលេខ ៤៩៣ ប្រ.ក,,
ភូមិ,1060703,ភូមិ ៣,Phum Bei,ប្រកាសលេខ ៤៩៣ ប្រ.ក,,
ភូមិ,1060704,ភូមិ ៤,Phum Buon,ប្រកាសលេខ ៤៩៣ ប្រ.ក,,
ភូមិ,1060705,ព្រៃឫស្សី,Prey Ruessei,ប្រកាសលេខ ៤៩៣ ប្រ.ក,,
ភូមិ,1060706,ព្រះពន្លា,Preah Ponlea,ប្រកាសលេខ ១៦ អនក្រ.បក,,
ភូមិ,1060707,ក្បាលស្ពាន,Kbal Spean,ប្រកាសលេខ ៤៩៣ ប្រ.ក,,
សង្កាត់,10608,ទឹកថ្លា,Tuek Thla,ប្រកាសលេខ ១៦ អនក្រ.បក,,
ភូមិ,1060801,គាប,Keab,ប្រកាសលេខ ៤៩៣ ប្រ.ក,,
ភូមិ,1060802,ទំនប់ជ្រៃ,Tumnob Chrey,ប្រកាសលេខ ៤៩៣ ប្រ.ក,,
ភូមិ,1060803,ទឹកថ្លា,Tuek Thla,ប្រកាសលេខ ១៦ អនក្រ.បក,,
ភូមិ,1060805,ភ្នំបាក់,Phnum Bak,ប្រកាសលេខ ៤៩៣ ប្រ.ក,,
ភូមិ,1060806,ដីឡូតិ៍,Dei Lou,ប្រកាសលេខ ៤៩៣ ប្រ.ក,,
ភូមិ,1060807,បាណយ,Banoy,៣៤២ ប្រ.ក ០៥/១២/២០០៨ ក្រសួងមហាផ្ទៃ,កែឈ្មោះពី Banory ទៅ Banoy,
ស្រុក,107,ថ្មពួក,Thma Puok,ប្រកាសលេខ ៤៩៣ប្រ.ក,,
ឃុំ,10701,បន្ទាយឆ្មារ,Banteay Chhmar,ប្រកាសលេខ ៤៩៣ ប្រ.ក,,
ភូមិ,1070101,គោកសំរោង,Kouk Samraong,ប្រកាសលេខ ៤៩៣ ប្រ.ក,កែឈ្មោះពី គោកសំរោងលិច ទៅ គោកសំរោង,
ភូមិ,1070102,ក្បាលទន្សោង,Kbal Tonsaong,ប្រកាសលេខ ៤៩៣ ប្រ.ក,,
ភូមិ,1070103,បន្ទាយឆ្មារជើង,Banteay Chhmar Cheung,ប្រកាសលេខ ៤៩៣ ប្រ.ក,,
ភូមិ,1070105,ក្បាលក្របី,Kbal Krabei,ប្រកាសលេខ ៤៩៣ ប្រ.ក,,
ភូមិ,1070106,បន្ទាយឆ្មារត្បូង,Banteay Chhmar Tboung,ប្រកាសលេខ ៤៩៣ ប្រ.ក,,
ភូមិ,1070107,បន្ទាយឆ្មារលិច,Banteay Chhmar Lech,ប្រកាសលេខ ៤៩៣ ប្រ.ក,,
ភូមិ,1070108,ថ្មដែកកេះ,Thma Daekkeh,ប្រកាសលេខ ៤៩៣ ប្រ.ក,,
ភូមិ,1070109,ធ្លក,Thlok,ប្រកាសលេខ ៤៩៣ ប្រ.ក,,
ភូមិ,1070110,គោកសំរោងកើត,Kouk Samraong Kaeut,ប្រកាសលេខ ៤៩៣ ប្រ.ក,,
ភូមិ,1070111,ស្រះជ្រៃ,Srah Chrey,ប្រកាសលេខ ៤៩៣ ប្រ.ក,,
ភូមិ,1070112,ដងរ៉ែក,Dang Reaek,ប្រកាសលេខ ៤៩៣ ប្រ.ក,កែឈ្មោះពី ដងរែក ទៅ ដងរ៉ែក,
ភូមិ,1070113,ប្រាសាទត្បែង,Prasat Tbaeng,ប្រកាសលេខ ៤៩៣ ប្រ.ក,,
ភូមិ,1070114,ព្រៃសង្ហា,Prey Sangha,ប្រកាសលេខ ៤៩៣ ប្រ.ក,,
ភូមិ,1070115,ត្រពាំងធ្លក,Trapeang Thlok,ប្រកាសលេខ ៤៩៣ ប្រ.ក,,
ភូមិ,1070116,ថ្មរមៀលកើត,Thma Romiel Keurt,,,
ភូមិ,1070117,ថ្មរមៀលលិច,Thma Romiel Lech,,,
ឃុំ,10702,គោករមៀត,Kouk Romiet,ប្រកាសលេខ ៤៩៣ ប្រ.គ,,
ភូមិ,1070201,គោកព្រេច,Kouk Prech,ប្រកាសលេខ ៤៩៣ ប្រ.ក,,
ភូមិ,1070202,ស្រែល្អ,Srae L'a,ប្រកាសលេខ ៤៩៣ ប្រ.ក,,
ភូមិ,1070203,គោករមៀត,Kouk Romiet,ប្រកាសលេខ ៤៩៣ ប្រ.ក,,
ភូមិ,1070204,ស្ដៅ,Sdau,ប្រកាសលេខ ៤៩៣ ប្រ.ក,,
ភូមិ,1070205,ថ្មី,Thmei,ប្រកាសលេខ ៤៩៣ ប្រ.ក,,
ភូមិ,1070206,តាឡី,Ta Lei,ប្រកាសលេខ ៤៩៣ ប្រ.ក,,
ភូមិ,1070207,សេរីកា,Sereika,ប្រកាសលេខ ៤៩៣ ប្រ.ក,,
ភូមិ,1070208,តាសុង,Ta Song,ប្រកាសលេខ ៤៩៣ ប្រ.ក,,
ភូមិ,1070209,ត្រពាំងសំរោង,Trapeang Samraong,ប្រកាសលេខ ៤៩៣ ប្រ.ក,,
ភូមិ,1070210,ថ្នល់បំបែក,Phlov Bambaek,ប្រកាសលេខ ៤៩៣ ប្រ.ក,កែឈ្មោះពី ផ្លូវបំបែក ទៅ ថ្នល់បំបែក,
ភូមិ,1070211,ថ្មឆ័ត្រ,Thma Chhatr,ប្រកាសលេខ ៤៩៣ ប្រ.ក,,
ភូមិ,1070212,វល្លិប្រេង,Voa Preng,ប្រកាសលេខ ៤៩៣ ប្រ.ក,,
ភូមិ,1070213,ប្រាំមីនា,Pram Minea,ប្រកាសលេខ ៤៩៣ ប្រ.ក,,
ភូមិ,1070214,សាមគ្គី,Sameakki,ប្រកាសលេខ ៤៩៣ ប្រ.ក,,
ភូមិ,1070215,បន្ទាយមានឬទ្ធិ,Banteay Mean Rit,ប្រកាសលេខ ៤៩៣ ប្រ.ក,កែឈ្មោះពី បន្ទាយមានរិទ្ធិ ទៅ បន្ទាយមានឬទ្ធិ,
ភូមិ,1070217,ស្ពាន,Spean,ប្រកាសលេខ ៤៩៣ ប្រ.ក,,
ភូមិ,1070218,កណ្ដោល,Kandaol,ប្រកាសលេខ ៤៩៣ ប្រ.ក,,
ភូមិ,1070219,ក្ដិបថ្ម,Kdeb Thma,ប្រកាសលេខ ៤៩៣ ប្រ.ក,,
ភូមិ,1070220,បឹងតាស្រី,Boeng Ta Srei,ប្រកាសលេខ ៤៩៣ ប្រ.ក,,
ភូមិ,1070221,បឹងសុក្រម,Boeng Sokram,ប្រកាសលេខ ៤៩៣ ប្រ.ក,កែឈ្មោះពី បឹងសុក្រំ ទៅ បឹងសុក្រម,
ភូមិ,1070222,តាម៉ាំង,Ta Mang,ប្រកាសលេខ ៤៩៣ ប្រ.ក,,
ឃុំ,10703,ភូមិថ្មី,Phum Thmei,ប្រកាសលេខ ៤៩៣ ប្រ.ក,,
ភូមិ,1070301,កាប់ចោរ,Kab Chaor,ប្រកាសលេខ ៤៩៣ ប្រ.ក,,
ភូមិ,1070302,គោកស្វាយ,Kouk Svay,ប្រកាសលេខ ៤៩៣ ប្រ.ក,,
ភូមិ,1070303,រលំជ្រៃ,Rolum Chrey,ប្រកាសលេខ ៤៩៣ ប្រ.ក,កែឈ្មោះពី រំលំជ្រៃ ទៅរលំជ្រៃ,
ភូមិ,1070304,ថ្មីខាងលិច,Thmei Khang Lech,ប្រកាសលេខ ៤៩៣ ប្រ.ក,កែឈ្មោះពី ថ្មីលិច ទៅថ្មីខាងលិច,
ភូមិ,1070305,ថ្មីកណ្ដាល,Thmei Kandal,ប្រកាសលេខ ៤៩៣ ប្រ.ក,,
ភូមិ,1070306,ថ្មីខាងត្បូង,Thmei Khang Tboung,ប្រកាសលេខ ៤៩៣ ប្រ.ក,កែឈ្មោះពី ថ្មីត្បូង ទៅថ្មីខាងត្បូង,
ភូមិ,1070307,ទទា,Totea,ប្រកាសលេខ ៤៩៣ ប្រ.ក,,
ឃុំ,10704,ថ្មពួក,Thma Puok,ប្រកាសលេខ ៤៩៣ ប្រ.ក,,
ភូមិ,1070401,ថ្មពួក,Thma Puok,ប្រកាសលេខ ៤៩៣ ប្រ.ក,,
ភូមិ,1070402,អ្នកតា,Neak Ta,ប្រកាសលេខ ៤៩៣ ប្រ.ក,,
ភូមិ,1070403,វត្ដចាស់,Voat Chas,ប្រកាសលេខ ៤៩៣ ប្រ.ក,,
ភូមិ,1070404,កសិណ,Kasen,ប្រកាសលេខ ៤៩៣ ប្រ.ក,,
ភូមិ,1070405,ស្វាយ,Svay,ប្រកាសលេខ ៤៩៣ ប្រ.ក,,
ភូមិ,1070406,ថ្នល់ដាច់,Thnal Dach,ប្រកាសលេខ ៤៩៣ ប្រ.ក,,
ភូមិ,1070407,អន្លង់ត្រាច,Anlong Trach,ប្រកាសលេខ ៤៩៣ ប្រ.ក,,
ឃុំ,10705,គោកកឋិន,Kouk Kakthen,ប្រកាសលេខ ៤៩៣ ប្រ.ក,,
ភូមិ,1070501,ដឺ,Deu,ប្រកាសលេខ ៤៩៣ ប្រ.ក,កែឈ្មោះពី ដី ទៅដឺ,
ភូមិ,1070502,ស្ដៅ,Sdau,ប្រកាសលេខ ៤៩៣ ប្រ.ក,,
ភូមិ,1070503,ទ្រាស,Treas,ប្រកាសលេខ ៤៩៣ ប្រ.ក,,
ភូមិ,1070504,គោកកឋិន,Kouk Kakthen,ប្រកាសលេខ ៤៩៣ ប្រ.ក,,
ភូមិ,1070505,តាសៀវ,Ta Siev,ប្រកាសលេខ ៤៩៣ ប្រ.ក,,
ភូមិ,1070506,ជន្លាសដៃ,Chonloas Dai,ប្រកាសលេខ ៤៩៣ ប្រ.ក,កែពីឈ្មោះ ជន្លាស់ដៃ ទៅ ជន្លាសដៃ,
ភូមិ,1070507,តាត្រៃ,Ta Trai,ប្រកាសលេខ ៤៩៣ ប្រ.ក,,
ភូមិ,1070508,ព្រះឈរ,Preah Chhor,ប្រកាសលេខ ៤៩៣ ប្រ.ក,,
ភូមិ,1070509,គោកខ្ពស់,Kouk Kpos,ប្រកាសលេខ ៤៩៣ ប្រ.ក,,
ឃុំ,10706,គំរូ,Kumru,ប្រកាសលេខ ៤៩៣ ប្រ.ក,,
ភូមិ,1070601,អណ្ដូងខ្លុង,Andoung Khlong,ប្រកាសលេខ ៤៩៣ ប្រ.ក,,
ភូមិ,1070602,គំរូ,Kumru,ប្រកាសលេខ ៤៩៣ ប្រ.ក,,
ភូមិ,1070603,តាយឹង,Ta Yueng,ប្រកាសលេខ ៤៩៣ ប្រ.ក,,
ភូមិ,1070605,ឯកភាព,Aekakpheap,ប្រកាសលេខ ៤៩៣ ប្រ.ក,,
ភូមិ,1070606,ផ្សារថ្មី,Phsar Thmei,ប្រកាសលេខ ៤៩៣ ប្រ.ក,,
ភូមិ,1070607,ស្វាយជ្រុំ,Svay Chrum,ប្រកាសលេខ ៤៩៣ ប្រ.ក,,
ភូមិ,1070608,ព្រៃវែង,Prey Veaeng,ប្រកាសលេខ ៤៩៣ ប្រ.ក,,
ស្រុក,108,ស្វាយចេក,Svay Chek,ប្រកាសលេខ ៤៩៣ប្រ.ក,,
ឃុំ,10801,ផ្គាំ,Phkoam,ប្រកាសលេខ ៤៩៣ ប្រ.ក,,
ភូមិ,1080101,ផ្គាំ,Phkoam,ប្រកាសលេខ ៤៩៣ ប្រ.ក,,
ភូមិ,1080102,យាងវៀន,Yeang Vien,ប្រកាសលេខ ៤៩៣ ប្រ.ក,,
ភូមិ,1080103,យាង,Yeang,ប្រកាសលេខ ៤៩៣ ប្រ.ក,,
ភូមិ,1080104,អំពិល,Ampil,ប្រកាសលេខ ៤៩៣ ប្រ.ក,,
ភូមិ,1080105,អូរ,Ou,ប្រកាសលេខ ៤៩៣ ប្រ.ក,,
ភូមិ,1080106,ប្រាសាទវៀន,Prasat Vien,ប្រកាសលេខ ៤៩៣ ប្រ.ក,,
ភូមិ,1080107,តាដួល,Ta Duol,ប្រកាសលេខ ៤៩៣ ប្រ.ក,,
ភូមិ,1080108,ស្វាយស,Svay Sa,ប្រកាសលេខ ៤៩៣ ប្រ.ក,,
ភូមិ,1080109,ម៉ៅ,Mau,ប្រកាសលេខ ៤៩៣ ប្រ.ក,,
ភូមិ,1080110,ថ្មគោល,Thma Koul,ប្រកាសលេខ ៤៩៣ ប្រ.ក,,
ភូមិ,1080111,តាគល់,Ta Koal,ប្រកាសលេខ ៤៩៣ ប្រ.ក,,
ឃុំ,10802,សារង្គ,Sarongk,ប្រកាសលេខ ៤៩៣ ប្រ.ក,,
ភូមិ,1080201,ភាសត្បូង,Pheas Tboung,ប្រកាសលេខ ៤៩៣ ប្រ.ក,,
ភូមិ,1080202,ភាសជើង,Pheas Cheung,ប្រកាសលេខ ៤៩៣ ប្រ.ក,,
ភូមិ,1080203,ជ្រុង,Chrung,ប្រកាសលេខ ៤៩៣ ប្រ.ក,,
ភូមិ,1080204,ផ្លាស់កង់,Phlas Kang,ប្រកាសលេខ ៤៩៣ ប្រ.ក,,
ភូមិ,1080205,គោកភ្លូ,Kouk Phlu,ប្រកាសលេខ ៤៩៣ ប្រ.ក,,
ភូមិ,1080206,កន្ទ្រង់,Kantrong,ប្រកាសលេខ ៤៩៣ ប្រ.ក,,
ឃុំ,10803,ស្លក្រាម,Sla Kram,ប្រកាសលេខ ៤៩៣ ប្រ.ក,,
ភូមិ,1080301,ស្លក្រាម,Sla Kram,ប្រកាសលេខ ៤៩៣ ប្រ.ក,,
ភូមិ,1080302,កកោះ,Kakaoh,ប្រកាសលេខ ៤៩៣ ប្រ.ក,,
ភូមិ,1080303,កំណប់,Kamnab,ប្រកាសលេខ ៤៩៣ ប្រ.ក,,
ភូមិ,1080304,ទ័ពសៀម,Toap Siem,ប្រកាសលេខ ៤៩៣ ប្រ.ក,,
ភូមិ,1080305,ខ្លែងពណ៌ជើង,Khlaeng Poar Cheung,ប្រកាសលេខ ៤៩៣ ប្រ.ក,,
ភូមិ,1080306,ប្រាសាទ,Prasat,ប្រកាសលេខ ៤៩៣ ប្រ.ក,,
ភូមិ,1080307,គោកអំពិល,Kouk Ampil,ប្រកាសលេខ ៤៩៣ ប្រ.ក,,
ភូមិ,1080308,ខ្លែងពណ៌ត្បូង,Khlaeng Poar Tboung,ប្រកាសលេខ ៤៩៣ ប្រ.ក,,
ភូមិ,1080309,បឹងស្នោ,Boeng Snao,ប្រកាសលេខ ៨៨៦ ប្រ.ក ២៣/០៦/២០០៨,ការបង្កើតភូមិថ្មី,
ភូមិ,1080310,ចក់ ពួក,Chak Puork,០៧៤ប្រក ៣០/១០/២០០៨ ក្រសួងមហាផ្ទៃ,កែឈ្មោះពី Chak Pouk ទៅ Chak Puork (ភូមិបង្កើតថ្មី),
ឃុំ,10804,ស្វាយចេក,Svay Chek,ប្រកាសលេខ ៤៩៣ ប្រ.ក,,
ភូមិ,1080401,គោកខ្វាវ,Kouk Khvav,ប្រកាសលេខ ៤៩៣ ប្រ.ក,,
ភូមិ,1080402,ពន្សាយជើង,Ponsay Cheung,ប្រកាសលេខ ៤៩៣ ប្រ.ក,,
ភូមិ,1080403,ក្លឹង,Kloeng,ប្រកាសលេខ ៤៩៣ ប្រ.ក,,
ភូមិ,1080404,បែកចានចាស់,Baek Chan Chas,ប្រកាសលេខ ៤៩៣ ប្រ.ក,,
ភូមិ,1080405,ពន្សាយត្បូង,Ponsay Tboung,ប្រកាសលេខ ៤៩៣ ប្រ.ក,,
ភូមិ,1080406,រកាថ្មី,Roka Thmei,ប្រកាសលេខ ៤៩៣ ប្រ.ក,,
ភូមិ,1080407,តាអុងលិច,Ta Ong Lech,ប្រកាសលេខ ៤៩៣ ប្រ.ក,,
ភូមិ,1080408,ស្លែង,Slaeng,ប្រកាសលេខ ៤៩៣ ប្រ.ក,,
ភូមិ,1080409,ថ្មី,Thmei,ប្រកាសលេខ ៤៩៣ ប្រ.ក,,
ភូមិ,1080410,ខ្វាវលិច,Khvav Lech,ប្រកាសលេខ ៤៩៣ ប្រ.ក,,
ភូមិ,1080411,សំរោង,Samraong,ប្រកាសលេខ ៤៩៣ ប្រ.ក,,
ភូមិ,1080412,ចំការគ,Chamkar Ko,ប្រកាសលេខ ៤៩៣ ប្រ.ក,,
ភូមិ,1080413,ល្បើកស្វាយ,Lbeuk Svay,ប្រកាសលេខ ៥២៩៩ ប្រក,,
ភូមិ,1080414,តេជោភ្នំឆ័ត្រ,Techou Phnum Chhatr,ប្រកាសលេខ ៥២៩៩ ប្រក,,
ឃុំ,10805,តាបែន,Ta Baen,ប្រកាសលេខ ៤៩៣ ប្រ.ក,,
ភូមិ,1080501,គោកតាឯក,Kouk Ta Aek,ប្រកាសលេខ ៤៩៣ ប្រ.ក,,
ភូមិ,1080502,អូរវែងជើង,Ou Veaeng Cheung,ប្រកាសលេខ ៤៩៣ ប្រ.ក,,
ភូមិ,1080503,តាបែន,Ta Baen,ប្រកាសលេខ ៤៩៣ ប្រ.ក,,
ភូមិ,1080504,គោករកា,Kouk Roka,ប្រកាសលេខ ៤៩៣ ប្រ.ក,,
ភូមិ,1080505,អូរវែងត្បូង,Ou Veaeng Tboung,ប្រកាសលេខ ៤៩៣ ប្រ.ក,,
ឃុំ,10806,តាផូ,Ta Phou,ប្រកាសលេខ ៤៩៣ ប្រ.ក,,
ភូមិ,1080601,តាផូ,Ta Phou,ប្រកាសលេខ ៤៩៣ ប្រ.ក,,
ភូមិ,1080602,ពង្រ,Pongro,ប្រកាសលេខ ៤៩៣ ប្រ.ក,,
ភូមិ,1080603,តាស្រី,Ta Srei,ប្រកាសលេខ ៤៩៣ ប្រ.ក,,
ភូមិ,1080604,ព្រេចកី,Prech Kei,ប្រកាសលេខ ៤៩៣ ប្រ.ក,,
ភូមិ,1080605,គោកកី,Kouk Kei,ប្រកាសលេខ ៤៩៣ ប្រ.ក,,
ភូមិ,1080606,ឃ្មាស់,Khmoas,ប្រកាសលេខ ៤៩៣ ប្រ.ក,,
ភូមិ,1080607,ថ្មី,Thmei,ប្រកាសលេខ ៤៩៣ ប្រ.ក,,
ភូមិ,1080608,បារាយណ៍,Baray,ប្រកាសលេខ ៤៩៣ ប្រ.ក,,
ភូមិ,1080609,ផ្ចឹក,Phchoek,ប្រកាសលេខ ៤៩៣ ប្រ.ក,,
ភូមិ,1080610,ព្រេចត្បូង,Prech Tboung,ប្រកាសលេខ ៤៩៣ ប្រ.ក,,
ភូមិ,1080611,បន្ទាត់បោះ,Bantoat Baoh,ប្រកាសលេខ ៤៩៣ ប្រ.ក,,
ឃុំ,10807,ទ្រាស,Treas,ប្រកាសលេខ ៤៩៣ ប្រ.ក,,
ភូមិ,1080701,ពន្លៃថ្មី,Ponley Thmei,ប្រកាសលេខ ៤៩៣ ប្រ.ក,,
ភូមិ,1080702,ចែង,Chaeng,ប្រកាសលេខ ៤៩៣ ប្រ.ក,,
ភូមិ,1080703,ដូនណូយ,Doun Nouy,ប្រកាសលេខ ៤៩៣ ប្រ.ក,,
ភូមិ,1080704,ប្រីយ៍,Prei,ប្រកាសលេខ ៤៩៣ ប្រ.ក,,
ភូមិ,1080705,ពន្លៃចាស់,Ponley Chas,ប្រកាសលេខ ៤៩៣ ប្រ.ក,,
ភូមិ,1080706,ទ្រាស,Treas,ប្រកាសលេខ ៤៩៣ ប្រ.ក,,
ភូមិ,1080707,អំពិលព្រង់,Ampil Prong,ប្រកាសលេខ ៤៩៣ ប្រ.ក,,
ភូមិ,1080708,អូរកកោះ,Ou Kakaoh,ប្រកាសលេខ ៤៩៣ ប្រ.ក,,
ភូមិ,1080709,តាវឹក,Ta Voek,ប្រកាសលេខ ៤៩៣ ប្រ.ក,,
ឃុំ,10808,រលួស,Roluos,ប្រកាសលេខ ៤៩៣ ប្រ.ក,,
ភូមិ,1080801,បែកចានថ្មី,Baek Chan Thmei,ប្រកាសលេខ ៤៩៣ ប្រ.ក,,
ភូមិ,1080802,ខ្វាវកើត,Khvav Kaeut,ប្រកាសលេខ ៤៩៣ ប្រ.ក,,
ភូមិ,1080803,ស្ទឹង,Stueng,ប្រកាសលេខ ៤៩៣ ប្រ.ក,,
ភូមិ,1080804,តាអុងកើត,Ta Ong Kaeut,ប្រកាសលេខ ៤៩៣ ប្រ.ក,,
ភូមិ,1080805,ស្លែង,Slaeng,ប្រកាសលេខ ៤៩៣ ប្រ.ក,,
ភូមិ,1080806,រលួស,Roluos,ប្រកាសលេខ ៤៩៣ ប្រ.ក,,
ភូមិ,1080807,តាស្មន់,Ta Sman,ប្រកាសលេខ ៤៩៣ ប្រ.ក,,
ស្រុក,109,ម៉ាឡៃ,Malai,ប្រកាសលេខ ៤៩៣ប្រ.ក,,
ឃុំ,10901,បឹងបេង,Boeng Beng,,,
ភូមិ,1090101,សង្កែ,Sangkae,ប្រកាសលេខ ៤៩៣ ប្រ.ក,,
ភូមិ,1090102,ភ្នំរូង,Pnum Roung,ប្រកាសលេខ ៤៩៣ ប្រ.ក,,
ភូមិ,1090103,ជ្រៃ,Chrey,ប្រកាសលេខ ៤៩៣ ប្រ.ក,,
ភូមិ,1090104,ល្វា,Lvea,ប្រកាសលេខ ៤៩៣ ប្រ.ក,,
ភូមិ,1090105,ចំបក់,Chambak,ប្រកាសលេខ ៤៩៣ ប្រ.ក,,
ភូមិ,1090106,ថ្មបាំង,Thmar Baing,ប្រកាសលេខ៣៥១០ ប្រក,បំបែកចេញពីភូមិល្វា,
ភូមិ,1090107,អូរកាច់,Ou Kach,ប្រកាសលេខ៣៥១០ ប្រក,បំបែកចេញពីភូមិល្វា,
ឃុំ,10902,ម៉ាឡៃ,Malai,,,
ភូមិ,1090201,ដូង,Doung,ប្រកាសលេខ ៤៩៣ ប្រ.ក,,
ភូមិ,1090202,វាលហាត់,Veal Hat,ប្រកាសលេខ ៤៩៣ ប្រ.ក,,
ភូមិ,1090203,កណ្ដាល,Kandal,ប្រកាសលេខ ៤៩៣ ប្រ.ក,,
ភូមិ,1090204,ក្បាលស្ពាន,Kbal Spean,ប្រកាសលេខ ៤៩៣ ប្រ.ក,,
ភូមិ,1090205,ត្រសេកជ្រុំ,Trasek Chrum,ប្រកាសលេខ ៤៩៣ ប្រ.ក,,
ភូមិ,1090206,ដំបូកវិល,Dambouk Vil,ប្រកាសលេខ ៤៩៣ ប្រ.ក,,
ភូមិ,1090207,វត្ដចាស់,Voat Chas,ប្រកាសលេខ ៤៩៣ ប្រ.ក,,
ភូមិ,1090208,ថ្មី,Thmei,ប្រកាសលេខ ៤៩៣ ប្រ.ក,,
ឃុំ,10903,អូរសំព័រ,Ou Sampoar,,,
ភូមិ,1090301,អូរសំព័រ,Ou Sampoar,ប្រកាសលេខ ៤៩៣ ប្រ.ក,,
ភូមិ,1090302,អូរស្អំ,Ou S'am,ប្រកាសលេខ ៤៩៣ ប្រ.ក,,
ភូមិ,1090303,ក្បាលទំនប់,Kbal Tumnob,ប្រកាសលេខ ៤៩៣ ប្រ.ក,,
ភូមិ,1090304,បន្ទាយទី២,Banteay Ti Pir,ប្រកាសលេខ ៤៩៣ ប្រ.ក,,
ឃុំ,10904,អូរស្រឡៅ,Ou Sralau,,,
ភូមិ,1090401,អូរស្រឡៅ,Ou Sralau,ប្រកាសលេខ ៤៩៣ ប្រ.ក,,
ភូមិ,1090402,ភ្នំកៅបី,Phnum Kaubei,ប្រកាសលេខ ៤៩៣ ប្រ.ក,,
ភូមិ,1090403,កណ្ដោល,Kandaol,ប្រកាសលេខ ៤៩៣ ប្រ.ក,,
ភូមិ,1090404,ឈើទាល,Chheu Teal,ប្រកាសលេខ ៤៩៣ ប្រ.ក,,
ភូមិ,1090405,បឹងរាំង,Bueng Reang,ប្រកាសលេខ ៤៩៣ ប្រ.ក,,
ភូមិ,1090406,ស្វាយព្រៃ,Svay Prey,ប្រកាសលេខ ៤៩៣ ប្រ.ក,,
ភូមិ,1090407,ចាន់គីរី,Chan Kiri,ប្រកាសលេខ ៤៩៣ ប្រ.ក,,
ភូមិ,1090408,ថ្មី,Thmei,ប្រកាសលេខ ៤៩៣ ប្រ.ក,,
ឃុំ,10905,ទួលពង្រ,Tuol Pongro,,,
ភូមិ,1090501,ទួលពង្រ,Tuol Pongro,ប្រកាសលេខ ៤៩៣ ប្រ.ក,,
ភូមិ,1090502,កោះស្នួល,Kaoh Snuol,ប្រកាសលេខ ៤៩៣ ប្រ.ក,,
ភូមិ,1090503,ខ្លាងាប់,Khla Ngoab,ប្រកាសលេខ ៤៩៣ ប្រ.ក,,
ភូមិ,1090504,បន្ទាយទី១,Banteay Ti Muoy,ប្រកាសលេខ ៤៩៣ ប្រ.ក,,
ភូមិ,1090505,សន្ដិភាព,Santepheap,ប្រកាសលេខ ៤៩៣ ប្រ.ក,,
ភូមិ,1090506,អូរអំពិល,Ou Ampil,ប្រកាសលេខ ៤៩៣ ប្រ.ក,,
ភូមិ,1090507,រស្មីមានជ័យ,Reaksmei Meanchey,ប្រកាសលេខ ៤៩៣ ប្រ.ក,,
ភូមិ,1090508,អភិវឌ្ឍន៌,Akphivat,ប្រកាសលេខ ៣៥០៨ ប្រ.ក,បំបែកចេញពីភូមិបន្ទាយទី១,
ភូមិ,1090509,ទួលប្រាសាទ,Toul Prasat,ប្រកាសលេខ ៣៥០៨ ប្រ.ក,បំបែកចេញពីភូមិអូរអំពិល,
ភូមិ,1090510,ស្រឡៅជ្រុំ,Sralau Chrum,ប្រកាសលេខ ៣៥០៨ ប្រ.ក,បំបែកចេញពីភូមិអូរអំពិល,
ភូមិ,1090511,បឹងឈូក,Boeng Chhouk,ប្រកាសលេខ ៣៥០៨ ប្រ.ក,បំបែកចេញពីភូមិរស្មីមានជ័យ,
ភូមិ,1090512,អូរកេស,Ou Kes,ប្រកាសលេខ ៣៥០៨ ប្រ.ក,បំបែកចេញពីភូមិរស្មីមានជ័យ,
ភូមិ,1090513,បឹងជង្រុកតេជោឈ្នះឈ្នះ,Boeng Chung Rok Techo Chnas Chnas,ប្រកាសលេខ ៣១៨៧ ប្រ.ក ថ្ងៃទី០៧ ធ្នូ ២០២១,បំបែកចេញពីភូមិទួលប្រាសាទ,
ភូមិ,1090514,បឹង៧៥តេជោឈ្នះឈ្នះ,Boeng 75 Techou Chhneah Chneah,,,
ភូមិ,1090515,ម៉ក់ហឹន,Mok Hen,,,
ភូមិ,1090516,ភ្នំដូនសម,Phnom Daun Sam,,,
ឃុំ,10906,តាគង់,Ta Kong,ប្រកាសលេខ ៤៩៣ ប្រ.ក,,
ភូមិ,1090601,ចែងម៉ែង,Chaeng Maeng,ប្រកាសលេខ ៤៩៣ ប្រ.ក,,
ភូមិ,1090602,បល្ល័ង្គ,Ballangk,ប្រកាសលេខ ៤៩៣ ប្រ.ក,,
ភូមិ,1090603,ប៉ោយអង្គរ,Paoy Angkor,ប្រកាសលេខ ៤៩៣ ប្រ.ក,,
ភូមិ,1090604,ស្រះភ្លោះ,Srah Phluoh,ប្រកាសលេខ ៤៩៣ ប្រ.ក,,
ភូមិ,1090605,ខ្ជាយ,Kcheay,ប្រកាសលេខ ៤៩៣ ប្រ.ក,,
ភូមិ,1090606,តាគង់,Ta Kong,ប្រកាសលេខ ៤៩៣ ប្រ.ក,,
ក្រុង,110,ប៉ោយប៉ែត,Paoy Paet,អនុក្រឹត្យលេខ ២៣២អនក្រ.បក,អនុក្រឹត្យលេខ ២៣២អនក្រ.បក ស្តីពីការបង្កើត ក្រុងប៉ោយប៉ែត នៃខេត្តបន្ទាយមានជ័យ,
សង្កាត់,11001,និមិត្ដ,Nimitt,,,
ភូមិ,1100101,និមិត្ដ ១,Nimitt Muoy,ប្រកាសលេខ ៤៩៣ ប្រ.ក,,
ភូមិ,1100102,និមិត្ដ ២,Nimitt Pir,ប្រកាសលេខ ៤៩៣ ប្រ.ក,,
ភូមិ,1100103,និមិត្ដ ៣,Nimitt Bei,ប្រកាសលេខ ៤៩៣ ប្រ.ក,,
ភូមិ,1100104,និមិត្ដ ៤,Nimitt Buon,ប្រកាសលេខ ៤៩៣ ប្រ.ក,,
ភូមិ,1100105,អូរជ្រៅ,Ou Chrov,ប្រកាសលេខ ៤៩៣ ប្រ.ក,,
ភូមិ,1100106,ដុងអារញ្ញ,Dong Aranh,ប្រកាសលេខ ៤៩៣ ប្រ.ក,,
ភូមិ,1100107,សូរិយា,Souriya,ប្រកាសលេខ ៤៩៣ ប្រ.ក,,
ភូមិ,1100108,និមិត្ដថ្មី,Nimitt Thmei,ប្រកាសលេខ ៤៩៣ ប្រ.ក,,
ភូមិ,1100110,ថ្មសិន,Thma Sen,ប្រកាសលេខ ៤៩៣ ប្រ.ក,,
ភូមិ,1100111,អន្លង់ស្វាយ,Anlong Svay,ប្រកាសលេខ ៤៩៣ ប្រ.ក,,
ភូមិ,1100112,កូនដំរី,Koun Damrei,ប្រកាសលេខ ៤៩៣ ប្រ.ក,,
ភូមិ,1100113,កូបធំ,Koub Thum,ប្រកាសលេខ ៤៩៣ ប្រ.ក,,
ភូមិ,1100114,រស្មីសាមគ្គី,Reaksmei Sameakki,ប្រកាសលេខ ៤៩៣ ប្រ.ក,,
ភូមិ,1100115,រស្មីសេរីភាព,Reaksmei Serei Pheap,ប្រកាសលេខ ៤៩៣ ប្រ.ក,,
ភូមិ,1100116,សុខសាន្ដ្ដ,Sokhsan,ប្រកាសលេខ ៤៩៣ ប្រ.ក,,
សង្កាត់,11002,ប៉ោយប៉ែត,Paoy Paet,,,
ភូមិ,1100202,បាលិលេយ្យ១,Baliley 1,ប្រកាសលេខ ១០១៥ ប្រ.ក,Prakas 1015 on 24 May 2011 Chang Name from Baliley 1 បាលិលេយ្យ,
ភូមិ,1100209,ទួលប្រាសាទ,Tuol Prasat,ប្រកាសលេខ ៤៩៣ ប្រ.ក,,
ភូមិ,1100218,បាលិលេយ្យ២,Baliley 2,ប្រកាសលេខ ១០១៥ ប្រ.ក,បំបែកចេញពីភូមិ បាលិលេយ្យ១,
ភូមិ,1100219,មិត្តភាព,Mittapheap,ប្រកាសលេខ ១០១៥ ប្រ.ក,បំបែកចេញពីភូមិ បាលិលេយ្យ១,
ភូមិ,1100220,ចាន់គីរី,Chan Kiri,ប្រកាសលេខ ១០១៥ ប្រ.ក,បំបែកចេញពីភូមិ បាលិលេយ្យ១,
ភូមិ,1100223,ទំនប់ក៥,Tumnob Kor 5,ប្រកាសលេខ ១០១៥ ប្រ.ក,បំបែកចេញពីភូមិ ទួលប្រាសាទ,
សង្កាត់,11003,ផ្សារកណ្តាល,Phsar Kandal,អនុក្រឹត្យ ១០២ ថ្ងៃទី ៣១ ឧសភា ២០១១ សង្កាត់,អនុក្រឹត្យ ១០២ ថ្ងៃទី ៣១ ឧសភា ២០១១ សង្កាត់,
ភូមិ,1100301,ផ្សារកណ្តាល,Phsar Kandal,ប្រកាសលេខ ១០១៥ ប្រ.ក,បំបែកចេញពីភូមិ គីឡូលេខ៤ និង អនុក្រឹត្យ ១០២ ថ្ងៃទី ៣១ ឧសភា ២០១១ ប្តូរទៅសង្កាត់ថ្មី,
ភូមិ,1100302,គីឡូលេខបួន,Kilou Lekh Buon,ប្រកាសលេខ ៤៩៣ ប្រ.ក,អនុក្រឹត្យ ១០២ ថ្ងៃទី ៣១ ឧសភា ២០១១,
ភូមិ,1100303,ប្រជាធម្មលិច,Prachear Thoam Lech,ប្រកាសលេខ ១០១៥ ប្រ.ក,Prakas 1015 on 24 May 2011 Chang Name from Prachear Thoam ប្រជាធម្ម  និង អនុក្រឹត្យ ១០២ ថ្ងៃទី ៣១ ឧសភា ២០១១ ប្តូរទៅសង្កាត់ថ្មី,
ភូមិ,1100309,អណ្ដូងថ្មមាស,Andoung Thma Meas,ប្រកាសលេខ ៤៩៣ ប្រ.ក,អនុក្រឹត្យ ១០២ ថ្ងៃទី ៣១ ឧសភា ២០១១,
ភូមិ,1100310,ស្ទឹងបត់,Stueng Bat,ប្រកាសលេខ ៤៩៣ ប្រ.ក,អនុក្រឹត្យ ១០២ ថ្ងៃទី ៣១ ឧសភា ២០១១,
សង្កាត់,11004,អូរជ្រៅ,Ou Chrov,អនុក្រឹត្យ ១៥៦ថ្ងៃទី ២០ សីហា ២០២១,សង្កាត់ថ្មីកាត់ភូមិពីសង្កាត់ប៉ោយប៉ែត,
ភូមិ,1100401,អូរជ្រៅ,Ou Chrov,អនុក្រឹត្យ ១៥៦ថ្ងៃទី ២០ សីហា ២០២១ ,សង្កាត់ថ្មីកាត់ភូមិពីសង្កាត់ប៉ោយប៉ែត ,
ភូមិ,1100402,ក្បាលកោះ,Kbal Koh,អនុក្រឹត្យ ១៥៦ថ្ងៃទី ២០ សីហា ២០២១ ,សង្កាត់ថ្មីកាត់ភូមិពីសង្កាត់ប៉ោយប៉ែត ,
ភូមិ,1100403,ក្បាលស្ពាន១,Kbal Spean​ 1,អនុក្រឹត្យ ១៥៦ថ្ងៃទី ២០ សីហា ២០២១ ,សង្កាត់ថ្មីកាត់ភូមិពីសង្កាត់ប៉ោយប៉ែត ,
ភូមិ,1100404,ក្បាលស្ពាន២,Kbal Spean 2,អនុក្រឹត្យ ១៥៦ថ្ងៃទី ២០ សីហា ២០២១ ,សង្កាត់ថ្មីកាត់ភូមិពីសង្កាត់ប៉ោយប៉ែត ,
ភូមិ,1100405,សាមគ្គីមានជ័យ,Samaki Mean Chey,អនុក្រឹត្យ ១៥៦ថ្ងៃទី ២០ សីហា ២០២១ ,សង្កាត់ថ្មីកាត់ភូមិពីសង្កាត់ប៉ោយប៉ែត ,
ភូមិ,1100406,ព្រៃព្រិច,Prey Prech,អនុក្រឹត្យ ១៥៦ថ្ងៃទី ២០ សីហា ២០២១ ,សង្កាត់ថ្មីកាត់ភូមិពីសង្កាត់ប៉ោយប៉ែត ,
ភូមិ,1100407,ប៉ោយប៉ែត,Poay Pet,អនុក្រឹត្យ ១៥៦ថ្ងៃទី ២០ សីហា ២០២១ ,សង្កាត់ថ្មីកាត់ភូមិពីសង្កាត់ប៉ោយប៉ែត ,
សង្កាត់,11005,អូរឫស្សី,Ou Reusey,អនុក្រឹត្យ ១៥៧ថ្ងៃទី ២០ សីហា ២០២១,សង្កាត់ថ្មីកាត់ភូមិពីសង្កាត់ផ្សារកណ្តាល,
ភូមិ,1100501,អូរឬស្សី,Ou Ruessei,អនុក្រឹត្យ ១៥៧ថ្ងៃទី ២០ សីហា ២០២១ ,សង្កាត់ថ្មីកាត់ភូមិពីសង្កាត់ផ្សារកណ្តាល ,
ភូមិ,1100502,ប្រជាធម្មកើត,Prachea Thorm Kaeut,អនុក្រឹត្យ ១៥៧ថ្ងៃទី ២០ សីហា ២០២១ ,សង្កាត់ថ្មីកាត់ភូមិពីសង្កាត់ផ្សារកណ្តាល ,
ភូមិ,1100503,ទួលពង្រ,Tuol Pongro,អនុក្រឹត្យ ១៥៧ថ្ងៃទី ២០ សីហា ២០២១ ,សង្កាត់ថ្មីកាត់ភូមិពីសង្កាត់ផ្សារកណ្តាល ,
ភូមិ,1100504,អូរនាង,Ou Neang,អនុក្រឹត្យ ១៥៧ថ្ងៃទី ២០ សីហា ២០២១ ,សង្កាត់ថ្មីកាត់ភូមិពីសង្កាត់ផ្សារកណ្តាល ,
ភូមិ,1100505,ព្រៃគុប,Prey Kub,អនុក្រឹត្យ ១៥៧ថ្ងៃទី ២០ សីហា ២០២១ ,សង្កាត់ថ្មីកាត់ភូមិពីសង្កាត់ផ្សារកណ្តាល ,
