Type,Code,Name (Khmer),Name (Latin),Reference,Official Note,Note (by Checker)
?????,701,????????,Angkor Chey,????????????? ???.?  ?????????????????,,
???,70101,???????????,Angk Phnum Touch,????????? ???? ???.?  ?????????????????,,
????,7010101,??????????????,Trapeang Kamphleanh,????????? ??? ???.?  ?????????????????,,
????,7010102,???????????,Trapeang Khyang,????????? ??? ???.?  ?????????????????,,
????,7010103,??????????,Trapeang Veaeng,????????? ??? ???.?  ?????????????????,,
????,7010104,?????,Peaeng Thum,????????? ??? ???.?  ?????????????????,,
????,7010105,??????,Prey Thum,????????? ??? ???.?  ?????????????????,,
???,70102,????????,Ankor Chey,????????? ??? ???.?  ?????????????????,,
????,7010201,???????,Sameakki,????????? ??? ???.?  ?????????????????,,
????,7010202,???????????,Trapeang Srae,????????? ??? ???.?  ?????????????????,,
????,7010203,??????????,Angkor Chey Leu,????????? ??? ???.?  ?????????????????,,
????,7010204,?????????????,Angkor Chey Kraom,????????? ??? ???.?  ?????????????????,,
????,7010205,?????????,Prey Chheu Teal,????????? ??? ???.?  ?????????????????,,
????,7010206,?????????,Angk Rumduol,????????? ??? ???.?  ?????????????????,,
???,70103,?????,Champei,????????? ???? ???.?  ?????????????????,,
????,7010301,?????,Khvav,????????? ???? ???.?  ?????????????????,,
????,7010302,???????,Krasang,????????? ???? ???.?  ?????????????????,,
????,7010303,????????,Tonle Neam,????????? ???? ???.?  ?????????????????,,
????,7010304,????????,Nang Sa Het,????????? ???? ???.?  ?????????????????,,
????,7010305,?????,Champei,????????? ???? ???.?  ?????????????????,,
????,7010306,??????,Srae Chea,????????? ???? ???.?  ?????????????????,,
????,7010307,????????,Ang Chorti,????????? ???? ???.?  ?????????????????,,
????,7010308,????????,Daeum Pou,????????? ???? ???.?  ?????????????????,,
???,70104,??????????,Dambouk Khpos,????????? ??? ???.?  ?????????????????,,
????,7010401,?????????????,Trapeang Trakiet,????????? ??? ???.?  ?????????????????,,
????,7010402,???????????,Sbov Andaet,????????? ??? ???.?  ?????????????????,,
????,7010403,?????????,Chak Chrum,????????? ??? ???.?  ?????????????????,,
????,7010404,????,Ta Kao,????????? ??? ???.?  ?????????????????,,
????,7010405,?????,Dang Tong,????????? ??? ???.?  ?????????????????,,
????,7010406,????????????,Trapeang Tnaot,????????? ??? ???.?  ?????????????????,,
????,7010407,?????????,Robaoh Khtum,????????? ??? ???.?  ?????????????????,,
????,7010408,??????????,Dambouk Khpos,????????? ??? ???.?  ?????????????????,,
????,7010409,????????????,Trapeang Kamnab,????????? ??? ???.?  ?????????????????,,
????,7010410,??????????,Trapeang Run,????????? ??? ???.?  ?????????????????,,
????,7010411,?????????,Ou Mkak,????????? ??? ???.?  ?????????????????,,
???,70105,??????,Dan Koum,????????? ??? ???.?  ?????????????????,,
????,7010501,?????,Ponley,????????? ??? ???.?  ?????????????????,,
????,7010502,????????????,Dan Koum Khang Cheung,????????? ??? ???.?  ?????????????????,,
????,7010503,????????????????,Dan Koum Khang Tboung,????????? ??? ???.?  ?????????????????,,
????,7010504,???????????????,Angk Khcheay Khang Cheung,????????? ??? ???.?  ?????????????????,,
????,7010505,?????????????????,Angk Khcheay Khang Tboung,????????? ??? ???.?  ?????????????????,,
????,7010506,?????????,Prey Khcheay,????????? ??? ???.?  ?????????????????,,
???,70106,??????,Daeum Doung,????????? ??? ???.?  ?????????????????,,
????,7010601,??????,Daeum Doung,????????? ??? ???.?  ?????????????????,,
????,7010602,?????,Chrab,????????? ??? ???.?  ?????????????????,,
????,7010603,????????,Ou Rumchek,????????? ??? ???.?  ?????????????????,,
????,7010604,??????,Sa Dambang,????????? ??? ???.?  ?????????????????,,
???,70107,?????,Mroum,????????? ??? ???.?  ?????????????????,,
????,7010701,??????????,Preah Aongkar,????????? ??? ???.?  ?????????????????,,
????,7010702,?????,Mroum,????????? ??? ???.?  ?????????????????,,
????,7010703,????????????,Trapeang Phnael,????????? ??? ???.?  ?????????????????,,
????,7010704,?????,Chheu Teal,????????? ??? ???.?  ?????????????????,,
????,7010705,??,Kok,????????? ??? ???.?  ?????????????????,,
????,7010706,?????????,Phnum Chhmar,????????? ??? ???.?  ?????????????????,,
???,70108,???????,Phnum Kong,????????? ??? ???.?  ?????????????????,,
????,7010801,???????,Srae Roung,????????? ??? ???.?  ?????????????????,,
????,7010802,???????,Skor Tung,????????? ??? ???.?  ?????????????????,,
????,7010803,?????????,Trapeang Chak,????????? ??? ???.?  ?????????????????,,
????,7010804,?????????,Prey Phkoam,????????? ??? ???.?  ?????????????????,,
????,7010805,?????,Pou,????????? ??? ???.?  ?????????????????,,
????,7010806,????????,Pech Changva,????????? ??? ???.?  ?????????????????,,
????,7010807,????????,Prey Phdau,????????? ??? ???.?  ?????????????????,,
????,7010808,?????????,Phnum Trael,????????? ??? ???.?  ?????????????????,,
????,7010809,???????????,Trapeang Khva,????????? ??? ???.?  ?????????????????,,
????,7010810,??????????,Sangkae Bangvaer,????????? ??? ???.?  ?????????????????,,
???,70109,???????,Praphnum,????????? ??? ???.?  ?????????????????,,
????,7010901,???????,Pra Phnum,????????? ??? ???.?  ?????????????????,,
????,7010902,?????????????,Trapeang Thngan,????????? ??? ???.?  ?????????????????,,
????,7010903,?????????,Prey Chheu Teal,????????? ??? ???.?  ?????????????????,,
????,7010904,????????,Prey Skor,????????? ??? ???.?  ?????????????????,,
????,7010905,?????,Pong Tuek,????????? ??? ???.?  ?????????????????,,
????,7010906,???????????,Krang Thkov,????????? ??? ???.?  ?????????????????,,
????,7010907,?????????????,Damnak Krasang,????????? ??? ???.?  ?????????????????,,
????,7010908,????????,Ruessei Dom,????????? ??? ???.?  ?????????????????,,
????,7010909,????????,Tuol Khpos,????????? ??? ???.?  ?????????????????,,
???,70110,?????,Samlanh,????????? ??? ???.?  ?????????????????,,
????,7011001,?????,Kaksekar,????????? ??? ???.?  ?????????????????,,
????,7011002,?????,Sdok,????????? ??? ???.?  ?????????????????,,
????,7011003,??????,Kammeakkar,????????? ??? ???.?  ?????????????????,,
????,7011004,???????????,Trapeang Sla,????????? ??? ???.?  ?????????????????,,
????,7011005,???????,Prasrae,????????? ??? ???.?  ?????????????????,,
????,7011006,?????,Smaong,????????? ??? ???.?  ?????????????????,,
????,7011007,??????,Trabiet,????????? ??? ???.?  ?????????????????,,
???,70111,????,Tani,????????? ??? ???.?  ?????????????????,,
????,7011101,???????????,Trapeang Reang,????????? ??? ???.?  ?????????????????,,
????,7011102,???????,Ta Pream,????????? ??? ???.?  ?????????????????,,
????,7011103,?????????,Kan Trong,????????? ??? ???.?  ?????????????????,,
????,7011104,?????,Ta Kok,????????? ??? ???.?  ?????????????????,,
????,7011105,?????,Ruessei,????????? ??? ???.?  ?????????????????,,
????,7011106,??????????,Trapeang Run,????????? ??? ???.?  ?????????????????,,
????,7011107,?????,Pral,????????? ??? ???.?  ?????????????????,,
?????,702,?????????,Banteay Meas,????????? ??? ???.?  ?????????????????,,
???,70201,???????????????,Banteay Meas Khang Kaeut,????????? ??? ???.?  ?????????????????,,
????,7020101,???????,Pechonea,????????? ??? ???.?  ?????????????????,,
????,7020102,????????????,Krasang Kraom,????????? ??? ???.?  ?????????????????,,
????,7020103,?????????,Krasang Leu,????????? ??? ???.? ?????????????????,,
????,7020104,??????????,Trapeang Poun,????????? ??? ???.?  ?????????????????,,
????,7020105,??????????,Prey Bantoam,????????? ??? ???.?  ?????????????????,,
????,7020106,?????????,Srae Thlok,????????? ??? ???.?  ?????????????????,,
????,7020107,?????,Pou,????????? ??? ???.?  ?????????????????,,
????,7020108,?????,Thnong,????????? ??? ???.?  ?????????????????,,
???,70202,???????????????,Banteay Meas Khang lech,????????? ??? ???.?  ?????????????????,,
????,7020201,???????,Lum Tumpung,????????? ??? ???.?  ?????????????????,,
????,7020202,???????,Kandanh,????????? ??? ???.?  ?????????????????,,
????,7020203,????????,Kansaom Ak,????????? ??? ???.?  ?????????????????,,
????,7020204,??????,Tong Leang,????????? ??? ???.?  ?????????????????,,
????,7020205,?????????,Tbal Ken,????????? ??? ???.?  ?????????????????,,
????,7020206,??????,Prey Leu,????????? ??? ???.?  ?????????????????,,
????,7020207,???????,Hong Suy,????????? ??? ???.?  ?????????????????,,
????,7020208,?????????,Banteay Meas,????????? ??? ???.?  ?????????????????,,
????,7020209,????????????,Krang Banteay,????????? ??? ???.?  ?????????????????,,
???,70203,?????????,Prey Tonle,????????? ???? ???.?  ?????????????????,,
????,7020301,?????????,Prey Tonle,????????? ???? ???.?  ?????????????????,,
????,7020302,??????????,Tuol Krasang,????????? ???? ???.?  ?????????????????,,
????,7020303,??????????,Preaek Ruessei,????????? ???? ???.?  ?????????????????,,
????,7020304,????????,Samraong Chen,????????? ???? ???.?  ?????????????????,,
????,7020305,???????,Meun Dam,????????? ???? ???.?  ?????????????????,,
???,70204,??????????,Samraong Kraom,????????? ???? ???.?  ?????????????????,,
????,7020401,??????????????,Trapeang Montrei,????????? ???? ???.?  ?????????????????,,
????,7020402,?????,Ta Iek,????????? ???? ???.?  ?????????????????,,
????,7020403,?????????,Saen Ponlung,????????? ???? ???.?  ?????????????????,,
????,7020404,?????,Samraong,????????? ???? ???.?  ?????????????????,,
????,7020405,?????,Ta Ten,????????? ???? ???.?  ?????????????????,,
????,7020406,?????????,Krang Doung,????????? ???? ???.?  ?????????????????,,
???,70205,???????,Samraong Leu,????????? ??? ???.?  ?????????????????,,
????,7020501,??????,Bariveas,????????? ??? ???.?  ?????????????????,,
????,7020502,???????????,Damnak Chambak,????????? ??? ???.?  ?????????????????,,
????,7020503,????????????,Damnak Trayueng,????????? ??? ???.?  ?????????????????,,
????,7020504,????????,Tram Sasar,????????? ??? ???.?  ?????????????????,,
????,7020505,??????,Praphong,????????? ??? ???.?  ?????????????????,,
???,70206,??????????????,Sdach Kong Khang Cheung,????????? ??? ???.?  ?????????????????,,
????,7020601,??????????,Chrung Sralau,????????? ??? ???.?  ?????????????????,,
????,7020602,??????,Kanlang,????????? ??? ???.?  ?????????????????,,
????,7020603,?????,Traeng,????????? ??? ???.?  ?????????????????,,
????,7020604,?????,Pong Tuek,????????? ??? ???.?  ?????????????????,,
???,70207,??????????????,Sdach Kong Khang lech,????????? ???? ???.?  ?????????????????,,
????,7020701,??????????,Prey Po Prich,????????? ???? ???.?  ?????????????????,,
????,7020702,?????,Rumpeun,????????? ???? ???.?  ?????????????????,,
????,7020703,?????????,Chamlang Chrey,????????? ???? ???.?  ?????????????????,,
????,7020704,?????,Chheu Teal,????????? ???? ???.?  ?????????????????,,
????,7020705,????????,Daeum Chamriek,????????? ???? ???.?  ?????????????????,,
???,70208,????????????????,Sdach Kong Khang Tboung,????????? ???? ???.?  ?????????????????,,
????,7020801,????????,Sangkae Duoch,????????? ???? ???.?  ?????????????????,,
????,7020802,????????,Ruessei Chuor,????????? ???? ???.?  ?????????????????,,
????,7020803,???????,Phnum Touch,????????? ???? ???.?  ?????????????????,,
????,7020804,????????,Sdach Kong,????????? ???? ???.?  ?????????????????,,
???,70209,?????????????,Tnoat Chong Srang,????????? ??? ???.?  ?????????????????,,
????,7020901,?????,Ta Lang,????????? ??? ???.?  ?????????????????,,
????,7020902,??????,Kouk Veaeng,????????? ??? ???.?  ?????????????????,,
????,7020903,?????,Tnaot,????????? ??? ???.?  ?????????????????,,
????,7020904,??????,Doun Teav,????????? ??? ???.?  ?????????????????,,
????,7020905,????????,Ruessei Chum,????????? ??? ???.?  ?????????????????,,
????,7020906,?????,Khnay,????????? ??? ???.?  ?????????????????,,
????,7020907,??????,Souriya,????????? ??? ???.?  ?????????????????,,
????,7020908,??????,Angkunh,????????? ??? ???.?  ?????????????????,,
???,70210,?????????????????,Trapeang Sala Khang Kaeut,????????? ???? ???.?  ?????????????????,,
????,7021001,????????,Toap Sdach,????????? ???? ???.?  ?????????????????,,
????,7021002,?????,Ta Ngeut,????????? ???? ???.?  ?????????????????,,
????,7021003,???,Poun,????????? ???? ???.?  ?????????????????,,
????,7021004,???,Lieb,????????? ???? ???.?  ?????????????????,,
????,7021005,?????,Khyaeum,????????? ???? ???.?  ?????????????????,,
???,70211,?????????????????,Trapeang Sala Khang Lech,????????? ??? ???.?  ?????????????????,,
????,7021101,????????????,Trapeang Kdol,????????? ??? ???.?  ?????????????????,,
????,7021102,?????????????,Keatha Vong Kraom,????????? ??? ???.?  ?????????????????,,
????,7021103,??????????,Keatha Vong Leu,????????? ??? ???.?  ?????????????????,,
????,7021104,?????,Sampoar,????????? ??? ???.?  ?????????????????,,
????,7021105,?????????,Prey Sralau,????????? ??? ???.?  ?????????????????,,
???,70212,????????????,Tuk Meas Khang Kaeut,????????? ??? ???.?  ?????????????????,,
????,7021201,????????????,Trapeang Pring,????????? ??? ???.?  ?????????????????,,
????,7021202,???????????,Srae Kan Chen,????????? ??? ???.?  ?????????????????,,
????,7021203,????????,Chrak Sdau,????????? ??? ???.?  ?????????????????,,
????,7021204,??????????????,Srae Kan Khang Kaeut,????????? ??? ???.?,,
????,7021205,??????????????,Srae Kan Khang Lech,????????? ??? ???.?  ?????????????????,,
????,7021206,????????,Angk Mli,????????? ??? ???.?  ?????????????????,,
???,70213,????????????,Tuk Meas Khang Lech,????????? ??? ???.?  ?????????????????,,
????,7021301,??????,Tuk Meas,????????? ??? ???.?  ?????????????????,,
????,7021302,????????,Kaoh Tonsae,????????? ??? ???.?  ?????????????????,,
????,7021303,????????,Chrak Khley,????????? ??? ???.?  ?????????????????,,
????,7021304,????????,Chamlang Chrey,????????? ??? ???.?  ?????????????????,,
????,7021305,??????,Prey Thum,????????? ??? ???.?  ?????????????????,,
????,7021306,???????,Prey Chek,????????? ??? ???.?  ?????????????????,,
????,7021307,???????????????,Prey Krala Khang Kaeut,????????? ??? ???.?  ?????????????????,,
????,7021308,???????????????,Prey Krala Khang Lech,????????? ??? ???.?  ?????????????????,,
???,70214,??????????????,Voat Angk Khang Cheung,????????? ??? ???.?  ?????????????????,,
????,7021401,?????????,Srae Traeng,????????? ??? ???.?  ?????????????????,,
????,7021402,?????????,Tnaot Roleung,????????? ??? ???.?  ?????????????????,,
????,7021403,????????,Ponhea Angkor,????????? ??? ???.?  ?????????????????,,
????,7021404,??????????,Svay Ph'aem,????????? ??? ???.?  ?????????????????,,
????,7021405,??????,Sou Peng,????????? ??? ???.?  ?????????????????,,
???,70215,????????????????,Voat Angk Khang Tboung,????????? ??? ???.?  ?????????????????,,
????,7021501,??????,Kandal,????????? ??? ???.?  ?????????????????,,
????,7021502,?????,Khnach,????????? ??? ???.?  ?????????????????,,
????,7021503,???,Theay,????????? ??? ???.?  ?????????????????,,
????,7021504,????,Totuem,????????? ??? ???.?  ?????????????????,,
????,7021505,????????,Srae Prey,????????? ??? ???.?  ?????????????????,,
?????,703,???,Chhuk,????????? ??? ???.?  ?????????????????,,
???,70301,?????,Baniev,????????? ??? ???.?  ?????????????????,,
????,7030101,?????,Ta Lang,????????? ??? ???.?  ?????????????????,,
????,7030102,?????????,Prey Chheu Nieng,????????? ??? ???.?  ?????????????????,,
????,7030103,?????,Ta Mom,????????? ??? ???.?  ?????????????????,,
????,7030104,?????????,Prey Phchum,????????? ??? ???.?  ?????????????????,,
????,7030105,????????????,Trapeang Ta Sek,????????? ??? ???.?  ?????????????????,,
???,70302,?????,Takaen,????????? ??? ???.?  ?????????????????,,
????,7030201,???????,Chamkar Morn,????????? ??? ???.?  ?????????????????,,
????,7030203,??????????,Veal Krasang,????????? ??? ???.?  ?????????????????,,
????,7030204,??????????,Chey Ta Svay,????????? ??? ???.?  ?????????????????,,
????,7030205,????????????,Damnak Trayueng,????????? ??? ???.?  ?????????????????,,
????,7030206,?????????,Trapeang Bei,????????? ??? ???.?  ?????????????????,,
????,7030207,????????,Sraka Neak,????????? ??? ???.?  ?????????????????,,
????,7030208,????,Khpob,????????? ??? ???.?  ?????????????????,,
????,7030209,???????,Chey Sena,????????? ??? ???.?  ?????????????????,,
????,7030210,???????????,Trapeang Kdei,????????? ??? ???.?  ?????????????????,,
????,7030211,??????????,Trapeang Run,????????? ??? ???.?  ?????????????????,,
????,7030212,?????????,Phnum Preal,????????? ??? ???.?  ?????????????????,,
????,7030213,??????,Monou Sokh,????????? ??? ???.?  ?????????????????,,
???,70303,???????,Boeng Nimol,????????? ??? ???.?  ?????????????????,,
????,7030301,??????,Srangae,????????? ??? ???.?  ?????????????????,,
????,7030302,?????,Prech,????????? ??? ???.?  ?????????????????,,
????,7030303,????????,Pou Doh,????????? ??? ???.?  ?????????????????,,
????,7030304,???,Boeng,????????? ??? ???.?  ?????????????????,,
???,70304,???,Chhuk,????????? ??? ???.?  ?????????????????,,
????,7030401,???????,Krasang,????????? ??? ???.?  ?????????????????,,
????,7030402,?????,Chheu Teal,????????? ??? ???.?  ?????????????????,,
????,7030403,???????????,Trapeang Chrey,????????? ??? ???.?  ?????????????????,,
????,7030404,??????,Krahung,????????? ??? ???.?  ?????????????????,,
???,70305,??????,Doun Yay,????????? ??? ???.?  ?????????????????,,
????,7030501,?????????,Prey Khmum,????????? ??? ???.?  ?????????????????,,
????,7030502,?????????????,Krasang Mean Chey,????????? ??? ???.?  ?????????????????,,
????,7030503,???????????,Trapeang Kakaoh,????????? ??? ???.?  ?????????????????,,
????,7030504,??????,Kandal,????????? ??? ???.?  ?????????????????,,
????,7030505,??????,Doun Yay,????????? ??? ???.?  ?????????????????,,
???,70306,???????????,Krang Sbov,????????? ??? ???.?  ?????????????????,,
????,7030601,??????,Choar Dom,????????? ??? ???.?  ?????????????????,,
????,7030602,??????????,Trapeang Leuk,????????? ??? ???.?  ?????????????????,,
????,7030603,???????????,Krang Mdeng,????????? ??? ???.?  ?????????????????,,
????,7030604,???????????,Krang Sbov,????????? ??? ???.?  ?????????????????,,
????,7030605,??,Mon,????????? ??? ???.?  ?????????????????,,
???,70307,???????????,Krang Snay,????????? ??? ???.?  ?????????????????,,
????,7030701,???,Touch,????????? ??? ???.?  ?????????????????,,
????,7030702,??????,Ta Noan,????????? ??? ???.?  ?????????????????,,
????,7030703,??????????????????,Damnak Toap Khang Cheung,????????? ??? ???.?  ?????????????????,,
????,7030704,????????????????????,Damnak Toap Khang Tboung,????????? ??? ???.?  ?????????????????,,
????,7030705,????,Lve,????????? ??? ???.?  ?????????????????,,
????,7030706,??????????,Krang Roluos,????????? ??? ???.?  ?????????????????,,
???,70308,?????,Lbaeuk,????????? ??? ???.?  ?????????????????,,
????,7030801,????????,Srae Chrov,????????? ??? ???.?  ?????????????????,,
????,7030802,???,Tuol,????????? ??? ???.?  ?????????????????,,
????,7030803,??????????,Trapeang Kuy,????????? ??? ???.?  ?????????????????,,
????,7030804,??????????,Trapeang Thma,????????? ??? ???.?  ?????????????????,,
????,7030805,???????????,Trapeang Kokir,????????? ??? ???.?  ?????????????????,,
???,70309,?????????????,Trapeang Phleang,????????? ??? ???.?  ?????????????????,,
????,7030901,???????,Kaoh Sla,????????? ??? ???.?  ?????????????????,,
????,7030902,???????,Dom Phdau,????????? ??? ???.?  ?????????????????,,
????,7030903,???????,Prey Peay,????????? ??? ???.?  ?????????????????,,
????,7030904,????????,Tuol Doun Tei,????????? ??? ???.?  ?????????????????,,
????,7030905,???????,Srae Leav,????????? ??? ???.?  ?????????????????,,
????,7030906,???????????,Trapeang Sdau,????????? ??? ???.?  ?????????????????,,
???,70310,??????,Mean Chey,????????? ??? ???.?  ?????????????????,,
????,7031001,?????????,Angk Svay,????????? ??? ???.?  ?????????????????,,
????,7031002,???????,Ta Prum,????????? ??? ???.?  ?????????????????,,
????,7031003,???,Tul,????????? ??? ???.?  ?????????????????,,
????,7031004,?????????,Prey Trang,????????? ??? ???.?  ?????????????????,,
????,7031005,?????????,Veal Tbal,????????? ??? ???.?  ?????????????????,,
???,70311,???????,Neareay,????????? ??? ???.?  ?????????????????,,
????,7031101,???????,Neareay,????????? ??? ???.?  ?????????????????,,
????,7031102,?????,Pos Pong,????????? ??? ???.?  ?????????????????,,
????,7031103,?????????,Prey Sbov,????????? ??? ???.?  ?????????????????,,
????,7031104,?????????,Khnach Romeas,????????? ??? ???.?  ?????????????????,,
???,70312,??????,Satv Pong,????????? ??? ???.?  ?????????????????,,
????,7031201,??????,Satv Pong,????????? ??? ???.?  ?????????????????,,
????,7031202,???????,Prey Baen,????????? ??? ???.?  ?????????????????,,
????,7031203,?????????????,Trapeang Andoung,????????? ??? ???.?  ?????????????????,,
????,7031204,????,Chrey,????????? ??? ???.?  ?????????????????,,
???,70313,?????????,Trapeang Bei,????????? ??? ???.?  ?????????????????,,
????,7031301,???????????,Damnak Chhnuol,????????? ??? ???.?  ?????????????????,,
????,7031302,????????????,Trapeang Lbaeuk,????????? ??? ???.?  ?????????????????,,
????,7031303,?????????,Trapeang Bei,????????? ??? ???.?  ?????????????????,,
????,7031304,????????,Kaoh Ruessei,????????? ??? ???.?  ?????????????????,,
???,70314,??????,Tramaeng,????????? ??? ???.?  ?????????????????,,
????,7031401,??????????,Chheu Teal Chrum,????????? ??? ???.?  ?????????????????,,
????,7031402,??????,Tramaeng,????????? ??? ???.?  ?????????????????,,
????,7031403,??????,Pramoul,????????? ??? ???.?  ?????????????????,,
????,7031404,????????,Ang Khley,????????? ??? ???.?  ?????????????????,,
????,7031405,??????????,Trapeang Boeng,????????? ??? ???.?  ?????????????????,,
???,70315,?????????????,Dechou Akphivoadth,?????????? ??? ?????? ?? ???? ????,?????????? ??? ?????? ?? ???? ????,
????,7031501,?????????????,Te Chour Apiwat,????????? ???? ???.?  ?????????????????,?????????? ??? ?????? ?? ???? ???? ???????????????????????,
????,7031502,?????????????,Te Chour Kbal Damrey,????????? ???? ???.?  ?????????????????,?????????? ??? ?????? ?? ???? ???? ???????????????????????,
????,7031503,???????????,Te Chour Angkanh,????????? ???? ???.?  ?????????????????,?????????? ??? ?????? ?? ???? ???? ???????????????????????,
????,7031504,?????????,Te Chour Pongrok,????????? ???? ???.?  ?????????????????,?????????? ??? ?????? ?? ???? ???? ???????????????????????,
????,7031505,????????????,Te Chour Chreybak,????????? ???? ???.?  ?????????????????,?????????? ??? ?????? ?? ???? ???? ???????????????????????,
????,7031506,?????????????????,Te Chour Anlong Kmeng Leng,????????? ???? ???.?  ?????????????????,?????????? ??? ?????? ?? ???? ???? ???????????????????????,
?????,704,???????,Chum Kiri,?????????? ???? ???.? ?????????????????,,
???,70401,?????,Chres,????????? ??? ????.? ?????????????????,,
????,7040101,?????,Ta Teaen,????????? ??? ????.? ?????????????????,,
????,7040102,????????????,Trapeang Chheu Teal,????????? ??? ????.? ?????????????????,,
????,7040103,????,Thmea,????????? ??? ????.? ?????????????????,,
????,7040104,?????,Chres,????????? ??? ????.? ?????????????????,,
????,7040105,???????,Baknoem,?????????? ????? ???.? ????????? ??? ???????? ???? ???? ?????????????,,
???,70402,????????,Chumpu Voan,????????? ??? ????.? ?????????????????,,
????,7040201,????,Khley,????????? ??? ????.? ?????????????????,,
????,7040202,??????,Monou Nob,????????? ??? ????.? ?????????????????,,
????,7040203,??????,Kandal,????????? ??? ????.? ?????????????????,,
????,7040204,?????,Chheu Teal,????????? ??? ????.? ?????????????????,,
????,7040205,???,Chek,????????? ??? ????.? ?????????????????,,
????,7040206,???????,Damrei Koun,????????? ??? ????.? ?????????????????,,
????,7040207,????,Thmei,????????? ??? ????.? ?????????????????,,
????,7040208,????????????,Trapang Pring,?????????? ????? ???.? ????????? ??? ???????? ???? ???? ?????????????,,
???,70403,???????????,Snay Anhchit,????????? ??? ????.? ?????????????????,,
????,7040301,???????????,Snay Anhchit,????????? ??? ????.? ?????????????????,,
????,7040302,????,Doun Ov,????????? ??? ????.? ?????????????????,,
????,7040303,?????,Ta Phol,????????? ??? ????.? ?????????????????,,
????,7040304,?????????,Prey Khcheay,????????? ??? ????.? ?????????????????,,
????,7040305,????????????,Damnak Chheu Kram,????????? ??? ????.? ?????????????????,,
???,70404,???????,Srae Chaeng,????????? ??? ????.? ?????????????????,,
????,7040401,?????,Kamnab,????????? ??? ????.? ?????????????????,,
????,7040402,???????,Khpob Run,????????? ??? ????.? ?????????????????,,
????,7040403,????????,Prey Khley,????????? ??? ????.? ?????????????????,,
????,7040404,?????,Pong Tuek,????????? ??? ????.? ?????????????????,,
????,7040405,???????,Srae Chaeng,????????? ??? ????.? ?????????????????,,
???,70405,?????????,Srae Knong,????????? ???????.? ?????????????????,,
????,7040501,???,Doung,????????? ??? ????.? ?????????????????,,
????,7040502,???????,Prey Veaeng,????????? ??? ????.? ?????????????????,,
????,7040503,????????,Prey Khmau,????????? ??? ????.? ?????????????????,,
????,7040504,????????,Prey Yav,????????? ??? ????.? ?????????????????,,
????,7040505,???????????,Damnak Chhnuol,????????? ??? ????.? ?????????????????,,
????,7040506,???????,Tbaeng Pok,????????? ??? ????.? ?????????????????,,
???,70406,?????????,Srae Samraong,????????? ??? ???.? ?????????????????,,
????,7040601,???????,Thlok Yul,????????? ??? ????.? ?????????????????,,
????,7040602,?????????,Srae Samraong,????????? ??? ????.? ?????????????????,,
????,7040603,???????????,Trapeang Prei,????????? ??? ????.? ?????????????????,,
????,7040604,???????,Roka Thmei,????????? ??? ????.? ?????????????????,,
????,7040605,?????,Pou,????????? ??? ????.? ?????????????????,,
???,70407,???????????,Trapeang Reang,?????????? ???? ???.? ?????????????????,,
????,7040701,??????????,Trapeang Veaeng,????????? ??? ????.? ?????????????????,,
????,7040702,????,Rovieng,????????? ??? ????.? ?????????????????,,
????,7040703,?????,Ta Reach,????????? ??? ????.? ?????????????????,,
????,7040704,????????????,Trapeang Skon,????????? ??? ????.? ?????????????????,,
????,7040705,???,Ou,????????? ??? ????.? ?????????????????,,
?????,705,?????,Dang Tong,????????? ??? ???.? ?????????????????,,
???,70501,????????????,Damnak Sokram,????????? ??? ???.? ?????????????????,,
????,7050101,????????????,Trapeang Ta Meas,????????? ??? ???.? ?????????????????,,
????,7050102,???? ?????,Angk Ropeak,????????? ??? ???.? ?????????????????,,
????,7050103,???????????,Khcheay Khang Lech,????????? ??? ???.? ?????????????????,,
????,7050104,????????????,Trapeang Ruessei,????????? ??? ???.? ?????????????????,,
????,7050105,??????????,Krang Ampov,????????? ??? ???.? ?????????????????,,
???,70502,?????,Dang Tong,????????? ??? ???.? ?????????????????,,
????,7050201,??????,Thum Thmei,????????? ??? ???.? ?????????????????,,
????,7050202,???????,Chrak Kaes,????????? ??? ???.? ?????????????????,,
????,7050203,?????????????,Trapeang Mnoas,????????? ??? ???.? ?????????????????,,
????,7050204,???????????,Khcheay Khang Cheung,????????? ??? ???.? ?????????????????,,
????,7050205,????????????????,Trapeang Veaeng Khang Kaeut,????????? ??? ???.? ?????????????????,,
????,7050206,????????????????,Trapeang Veaeng Khang Lech,????????? ??? ???.? ?????????????????,,
????,7050207,???????,Srov Leu,????????? ??? ???.? ?????????????????,,
????,7050208,?????????????,Khcheay Khang Tboung,????????? ??? ???.? ?????????????????,,
????,7050209,??????,Prey Pok,????????? ??? ???.? ?????????????????,,
????,7050210,????????,Prey Kokir,????????? ??? ???.? ?????????????????,,
????,7050211,??????????,Srov Kraom,????????? ??? ???.? ?????????????????,,
???,70503,???????????,Khcheay Khang Cheung,????????? ??? ???.? ?????????????????,,
????,7050301,?????????,Prey Khmum,????????? ??? ???.? ?????????????????,,
????,7050302,???????????,Prey Samnang Leu,????????? ??? ???.? ?????????????????,,
????,7050303,??????????????,Prey Samnang Kraom,????????? ??? ???.? ?????????????????,,
????,7050304,?????????????,Kamraeng Krasang,????????? ??? ???.? ?????????????????,,
????,7050305,??????,Damnak,????????? ??? ???.? ?????????????????,,
???,70504,?????????????,Khcheay Khang Tboung,????????? ??? ???.? ?????????????????,,
????,7050401,????????????,Damnak Trayueng,????????? ??? ???.? ?????????????????,,
????,7050402,??????????,Chhlit Kraom,????????? ??? ???.? ?????????????????,,
????,7050403,???????,Chhlit Leu,????????? ??? ???.? ?????????????????,,
????,7050404,?????????????,Trapeang Andoung,????????? ??? ???.? ?????????????????,,
???,70505,?????????,Mean Ritth,????????? ??? ???.? ?????????????????,,
????,7050501,????????????????,Prey Krang Khang Cheung,????????? ??? ???.? ?????????????????,,
????,7050502,??????????????????,Prey Krang Khang Tboung,????????? ??? ???.? ?????????????????,,
????,7050503,?????????,Krang Leav,????????? ??? ???.? ?????????????????,,
????,7050504,??????????,Trapeang Chhuk,????????? ??? ???.? ?????????????????,,
???,70506,????????????,Srae Chea Khang Cheung,????????? ??? ???.? ?????????????????,,
????,7050601,????,Sophi,????????? ??? ???.? ?????????????????,,
????,7050602,???????,Prei Pir,????????? ??? ???.? ?????????????????,,
????,7050603,????????,Prean Tum,????????? ??? ???.? ?????????????????,,
????,7050604,?????????????,Trapeang Chranieng,????????? ??? ???.? ?????????????????,,
???,70507,??????????????,Srae Chea Khang Tboung,????????? ??? ???.? ?????????????????,,
????,7050701,????????????,Trapeang Kdar,????????? ??? ???.? ?????????????????,,
????,7050702,?????,Khpos,????????? ??? ???.? ?????????????????,,
????,7050703,????????,Ou Ruessei,????????? ??? ???.? ?????????????????,,
???,70508,????,Totung,????????? ??? ???.? ?????????????????,,
????,7050801,???????,Phnum Touch,????????? ??? ???.? ?????????????????,,
????,7050802,????????,Tuol Khpos,????????? ??? ???.? ?????????????????,,
????,7050803,????????????,Changkieng Khang Kaeut,????????? ??? ???.? ?????????????????,,
????,7050804,????????????,Changkieng Khang Lech,????????? ??? ???.? ?????????????????,,
????,7050805,?????????,Sdok Thlok,????????? ??? ???.? ?????????????????,,
????,7050806,???????,Damrei Leng,????????? ??? ???.? ?????????????????,,
????,7050807,??????????,Trapeang Niel,????????? ??? ???.? ?????????????????,,
????,7050808,?????????,Ou Kandal,????????? ??? ???.? ?????????????????,,
????,7050809,???????????,Khcheay Khang Kaeut,????????? ??? ???.? ?????????????????,,
???,70509,???? ????,Angk  Romeas,????????? ??? ???.? ?????????????????,,
????,7050901,???????????,Trapeang Reang,????????? ??? ???.? ?????????????????,,
????,7050902,????????,Antong Baek,????????? ??? ???.? ?????????????????,,
????,7050903,???????,Snaor Touch,????????? ??? ???.? ?????????????????,,
????,7050904,?????,Ponley,????????? ??? ???.? ?????????????????,,
????,7050905,???????,Bar Knong,????????? ??? ???.? ?????????????????,,
???,70510,?????,L'ang,????????? ??? ???.? ?????????????????,,
????,7051001,??????????,Trapeang Seh,????????? ??? ???.? ?????????????????,,
????,7051002,???,Baeun,????????? ??? ???.? ?????????????????,,
????,7051003,???????????,Damnak Ampil,????????? ??? ???.? ?????????????????,,
????,7051004,?????,L'ang,????????? ??? ???.? ?????????????????,,
?????,706,??????????,Kampong Trach,????????? ??? ???.? ?????????????????,,
???,70601,?????????????,Boeng Sala Khang Cheung,????????? ???? ???.? ?????????????????,,
????,7060101,?????????,Kaoh Tromung,????????? ???? ???.? ?????????????????,,
????,7060102,???????,Das Skor,????????? ???? ???.? ?????????????????,,
????,7060103,??????????????,Kaoh Makprang,????????? ???? ???.? ?????????????????,,
????,7060104,???????,Prey Tob,????????? ???? ???.? ?????????????????,,
???,70602,???????????????,Boeng Sala Khang Tboung,????????? ???? ???.? ?????????????????,,
????,7060201,????????,Kaoh Chamkar,????????? ???? ???.? ?????????????????,,
????,7060202,?????,Chres,????????? ???? ???.? ?????????????????,,
????,7060203,??????????,Svay Ph'aem,????????? ???? ???.? ?????????????????,,
????,7060204,???????????,Anlong Pring,?????????? ????? ???.? ????????? ??? ???????? ???? ???? ?????????????,,
???,70603,??????????????????,Damnak Kantuot Khang Cheung,????????? ???? ???.? ?????????????????,,
????,7060301,????????,Ou Slaeng,????????? ???? ???.? ?????????????????,,
????,7060302,???????,Prey Kes,????????? ???? ???.? ?????????????????,,
????,7060303,???????,Ou Popul,????????? ???? ???.? ?????????????????,,
????,7060304,????????,Phnum Damrei,????????? ???? ???.? ?????????????????,,
???,70604,????????????????????,Damnak Kantuot Khang Tboung,?????????? ???? ???.? ?????????????????,,
????,7060401,????????????,Damnak Kantuot,?????????? ???? ???.? ?????????????????,,
????,7060402,???????,Ou Roluos,?????????? ???? ???.? ?????????????????,,
????,7060403,?????????? ?,Angkor Chey Ti  Muoy,?????????? ???? ???.? ?????????????????,,
????,7060404,?????????? ?,Angkor Chey  Ti  Pir,?????????? ???? ???.? ?????????????????,,
????,7060405,???????????,Trapeang Chrey,?????????? ???? ???.? ?????????????????,,
???,70605,????????????????,Kampong Trach Khang Kaeut,????????? ?????? ????.? ?????????????????,,
????,7060501,???????????? ?,Kampong Trach Ti  Muoy,????????? ?????? ????.? ?????????????????,,
????,7060502,????????,Kaoh Khlout,????????? ?????? ????.? ?????????????????,,
????,7060503,?????????,Kaoh Ta Chan,????????? ?????? ????.? ?????????????????,,
????,7060504,????????,Robang Kras,????????? ?????? ????.? ?????????????????,,
???,70606,????????????????,Kampong Trach Khang Lech,????????? ?????? ????.? ?????????????????,,
????,7060601,?????????,Kandal Tuol,????????? ?????? ????.? ?????????????????,,
????,7060602,???????,Angkrong,????????? ?????? ????.? ?????????????????,,
????,7060603,????????,Phnum Salei,????????? ?????? ????.? ?????????????????,,
????,7060604,??????,Daeum Char,????????? ?????? ????.? ?????????????????,,
????,7060605,???????,Kaoh Phdau,????????? ?????? ????.? ?????????????????,,
????,7060606,?????????,Ou Chranieng,????????? ?????? ????.? ?????????????????,,
????,7060607,???????????? ?,Kampong Trach Ti  Pir,????????? ?????? ????.? ?????????????????,,
???,70607,???????????????,Prasat Phnom Khyang,????????????? ?????? ?????/????.?,?????????????????????????????????????????????????? ???????????????? ??? ?????/?.? ??????????? ?????? ?????????,
????,7060701,???????,Prey Koek,????????? ?????? ????.? ?????????????????,,
????,7060702,????????,Phnum Khyang,????????? ?????? ????.? ?????????????????,,
????,7060703,??????????,Chruoh Ta Saom,????????? ?????? ????.? ?????????????????,,
???,70608,???????????,Phnom Prasat,????????????? ??? ?????.??,???????????????????????????? ?????????????????? ???????????????? ??? ?????.?? ????????? ?? ?????? ?????????,
????,7060801,????????,Chranieng Te,????????? ??? ????.? ?????????????????,,
????,7060802,??????,Bang Bat,????????? ??? ????.? ?????????????????,,
????,7060803,??????????,Phnom Prasat,????????? ??? ???.?,???????????????????????????? ??????????????????,
????,7060804,??????,Khleang,????????? ??? ???.?,???????????????????????????????? ??????????????,
????,7060805,?????????????,Damnak Kralanh,????????? ??? ???.?,???????????????????????????????????? ??????????????????,
????,7060806,???????,Spean Thom,????????? ??? ???.?,???????????????????????????????????? ???????????????,
????,7060807,??????,Chong Suong,????????? ??? ???.? ?????????????????,,
???,70609,?????????,Ang Sophy,???????????????? ?????.??,????????????????????????????????????????????,
????,7060901,????????,Daeum Pou,????????? ??? ????.? ?????????????????,,
????,7060902,?????????,Ang Sophy,????????? ??? ???.?,??????????????????????????? ?????????????????,
????,7060903,????????,Prey Totueng,????????? ??? ????.? ?????????????????,,
????,7060904,????????,Snam Kur,????????? ??? ????.? ?????????????????,,
????,7060905,???????????,Boeng Thum Khang Lech,????????? ??? ????.? ?????????????????,,
????,7060906,???????????,Boeng Thum Khang Kaeut,????????? ??? ????.? ?????????????????,,
???,70612,??????????,Preaek Kroes,????????? ??? ???.? ?????????????????,,
????,7061201,??????????,Preaek Kroes,????????? ??? ????.? ?????????????????,,
????,7061202,?????????,Prey Pruos,????????? ??? ????.? ?????????????????,,
????,7061203,??????,Leak Chea,????????? ?????? ????.? ?????????????????,,
????,7061204,????????,Daeum Snay,????????? ?????? ????.?,,
????,7061205,????????,Kaoh Ta Kov,????????? ??? ????.? ?????????????????,,
????,7061206,???????????,Preah Trohueng,????????? ??? ????.? ?????????????????,,
????,7061207,????????,Kaoh Tnaot,????????? ??? ????.? ?????????????????,,
???,70613,????????????????,Ruessei Srok Khang Kaeut,????????? ??? ????.?,,
????,7061301,??????????,Ruessei Srok,????????? ??? ????.? ?????????????????,,
????,7061302,????????,Kaoh Snouk,????????? ??? ????.? ?????????????????,,
????,7061303,?????,Thnong,????????? ??? ????.? ?????????????????,,
????,7061304,????????????,Anlong Thngan,????????? ??? ????.? ?????????????????,,
???,70614,????????????????,Ruessei Srok Khang Lech,????????? ??? ????.? ?????????????????,,
????,7061401,?????,Thkov,????????? ??? ????.? ?????????????????,,
????,7061402,??,Lok,????????? ??? ????.? ?????????????????,,
????,7061403,???????????,Kaoh Kruesna,????????? ??? ????.? ?????????????????,,
????,7061404,??????????,Trapeang Niel,????????? ??? ????.? ?????????????????,,
????,7061405,????????????,Damnak Trabaek,????????? ??? ????.? ?????????????????,,
????,7061406,????????,Kampul Meas,????????? ??? ????.? ?????????????????,,
???,70615,?????????????,Svay Tong Khang Cheung,????????? ??? ???.? ?????????????????,,
????,7061501,???,Doung,????????? ??? ???.? ?????????????????,,
????,7061502,????????,Chheu Teal Roam,????????? ??? ???.? ?????????????????,,
????,7061503,?????,Bay Tea,????????? ??? ???.? ?????????????????,,
????,7061504,?????????,Phnum Kngab,????????? ??? ???.? ?????????????????,,
???,70616,???????????????,Svay Tong Khang Tboung,????????? ??? ????.? ?????????????????,,
????,7061601,????????,Kaoh Trach,????????? ??? ????.? ?????????????????,,
????,7061602,?????????,Kaoh Chhveang,????????? ??? ????.? ?????????????????,,
????,7061603,???????,Ta Khvay,????????? ??? ????.? ?????????????????,,
????,7061604,??????????,Slab Ta Aon,????????? ??? ????.? ?????????????????,,
????,7061605,???????,Svay Tong,????????? ??? ????.? ?????????????????,,
?????,707,?????,Tuek Chhou,?????????????? ??? ?????.??,??????????????????????????????????????????,
???,70702,????????,Chum Kriel,????????? ???? ???.? ?????????????????,,
????,7070201,?????????,Trapeang Thum,????????? ???? ???.? ?????????????????,,
????,7070202,????????,Chum Kriel,????????? ???? ???.? ?????????????????,,
????,7070203,??????,Samraong,????????? ???? ???.? ?????????????????,,
????,7070204,???????????,Kampong Kandal,????????? ???? ???.? ?????????????????,,
???,70703,??????????,Kampong Kraeng,????????? ???? ???.? ?????????????????,,
????,7070302,????????????,Andoung Chi Meun,????????? ???? ???.? ?????????????????,,
????,7070303,?????????,Prey Tnaot,????????? ???? ???.? ?????????????????,,
????,7070304,??????????,Kampong Kraeng,????????? ???? ???.? ?????????????????,,
????,7070305,??????????,Kampong Krong,????????? ???? ???.? ?????????????????,,
????,7070306,????????????,Makprang,????????? ???? ???.? ?????????????????,,
???,70704,??????????,Kampong Samraong,????????? ??? ???.? ?????????????????,,
????,7070401,?????????????,Trapeang Kanhchhaet,????????? ??? ???.? ?????????????????,,
????,7070402,????????????????,Kampong Samraong Khang Cheung,????????? ??? ???.? ?????????????????,,
????,7070403,??????????????????,Kampong Samraong Khang Tboung,????????? ??? ???.? ?????????????????,,
???,70705,??????,Kandaol,????????? ???? ???.? ?????????????????,,
????,7070501,???????,Phnum Touch,????????? ???? ???.? ?????????????????,,
????,7070502,?????????,Anlong Kokir,????????? ???? ???.? ?????????????????,,
????,7070503,????????,Tuek Kraham,????????? ???? ???.? ?????????????????,,
????,7070504,????????,Mean Ritth,????????? ???? ???.? ?????????????????,,
????,7070505,???????????,Damnak Trach,????????? ???? ???.? ?????????????????,,
???,70708,???????,Koun Satv,????????? ???? ???.? ?????????????????,,
????,7070801,????????,Bos Nhinh,????????? ???? ???.? ?????????????????,,
????,7070802,???????,Koun Satv,????????? ???? ???.? ?????????????????,,
????,7070803,????????,Kampong Nong,????????? ???? ???.? ?????????????????,,
????,7070804,??????????,Kampong Tnaot,????????? ???? ???.? ?????????????????,,
???,70709,????????????,Makprang,????????? ??? ???.? ?????????????????,,
????,7070901,????????????,Snam Prampir,????????? ??? ???.?,,
????,7070902,????????????,Bat Kbal Damrei,????????? ??? ???.? ?????????????????,,
????,7070903,???????,Moat Peam,????????? ??? ???.? ?????????????????,,
???,70712,?????????,Prey Khmum,????????? ???? ???.? ?????????????????,,
????,7071201,?????????,Prey Tomh,????????? ???? ???.? ?????????????????,,
????,7071202,????????,Boeng Ta Raung,????????? ???? ???.? ?????????????????,,
????,7071203,?????????,Prey Khmum,????????? ???? ???.? ?????????????????,,
????,7071204,????????,Voat Angk,????????? ???? ???.? ?????????????????,,
???,70713,????????,Prey Thnang,????????? ???? ???.? ?????????????????,,
????,7071301,????????,Chakkrei Ting,????????? ???? ???.? ?????????????????,,
????,7071302,???????????,Damnak Luong,????????? ???? ???.? ?????????????????,,
????,7071303,????????,Prey Thnang,????????? ???? ???.? ?????????????????,,
????,7071304,?????????,Tvear Thmei,????????? ???? ???.? ?????????????????,,
????,7071305,?????????,Chbar Ampov,????????? ???? ???.? ?????????????????,,
???,70715,????????,Stueng Kaev,????????? ???? ???.? ?????????????????,,
????,7071501,????????,Kampong Chen,????????? ???? ???.? ?????????????????,,
????,7071502,??????????,Trapeang Kak,????????? ???? ???.? ?????????????????,,
????,7071503,???,Doung,????????? ???? ???.? ?????????????????,,
????,7071504,????????,Mlich Kol,????????? ???? ???.? ?????????????????,,
????,7071505,??????????????????,Anlong Makprang,????????? ???? ???.? ?????????????????,,
???,70716,????,Thmei,????????? ???? ???.? ?????????????????,,
????,7071601,?????????,Trasek Kaong,????????? ???? ???.? ?????????????????,,
????,7071602,????????????,Trapeang Chrab,????????? ???? ???.? ?????????????????,,
????,7071603,????,Thmei,????????? ???? ???.? ?????????????????,,
????,7071604,?????????,Voat Pou,????????? ???? ???.? ?????????????????,,
????,7071605,??????,Doun Soy,????????? ???? ???.? ?????????????????,,
????,7071606,????????,Kou Chen Laeng,????????? ???? ???.? ?????????????????,,
???,70717,????????????,Trapeang Pring,????????? ???? ???.? ?????????????????,,
????,7071701,??????????????????,Trapeang Pring Khang Cheung,????????? ???? ???.? ?????????????????,,
????,7071702,????????????????????,Trapeang Pring Khang Tboung,????????? ???? ???.? ?????????????????,,
????,7071703,?????????,Bos Trabaek,????????? ???? ???.? ?????????????????,,
????,7071704,????,Angk,????????? ???? ???.? ?????????????????,,
???,70718,????????????,Trapeang Sangkae,????????? ??? ???.? ?????????????????,,
????,7071801,????????????,Trapeang Sangkae,????????? ??? ???.? ?????????????????,,
????,7071802,????????,Kampong Kaes,????????? ??? ???.? ?????????????????,,
????,7071803,?????????,Trapeang Thum,????????? ??? ???.? ?????????????????,,
???,70719,?????????,Trapeang Thum,????????? ??? ???.? ?????????????????,,
????,7071901,???????????,Trapeang Chrey,????????? ??? ???.? ?????????????????,,
????,7071902,??????,Krang,????????? ??? ???.? ?????????????????,,
????,7071903,?????????,Trapeang Thum,????????? ??? ???.? ?????????????????,,
????,7071904,???????,Svay Thum,????????? ??? ???.? ?????????????????,,
?????,708,????,Kampot,?????????????? ??? ?????.??,???????????????????????????????????????,
???????,70801,???????????,Kampong Kandal,?????????????? ??? ?????.??,?????????????????????????????????????????????????,
????,7080101,??????????,Sovann Sakor,????????? ??? ???.? ?????????????????,,
????,7080102,?????????,Phum  Muoy Ousaphea,????????? ??? ???.? ?????????????????,,
???????,70802,???????????,Krang Ampil,?????????????? ??? ?????.??,????????????????????????????????????????????????,
????,7080201,??????,Krang,????????? ??? ???.? ?????????????????,,
????,7080202,???????,Svay Thum,????????? ??? ???.? ?????????????????,,
???????,70803,????????,Kampong Bay,?????????????? ??? ?????.??,???????????????????????????????????????????,
????,7080301,??????????????,Kampong Bay Khang Cheung,????????? ??? ???.? ?????????????????,,
????,7080302,????????????????,Kampong Bay Khang Tboung,????????? ??? ???.? ?????????????????,,
???????,70804,???????????,Andoung Khmer,?????????????? ??? ?????.??,?????????????????????????????????????????????????,
????,7080401,??????????,Tvi Khang Cheung,????????? ??? ???.? ?????????????????,,
????,7080402,????????????,Tvi Khang Tboung,????????? ??? ???.? ?????????????????,,
????,7080403,?????,Ou Touch,????????? ??? ???.? ?????????????????,,
????,7080404,???????????,Andoung Khmer,????????? ??? ???.? ?????????????????,,
????,7080405,?????,Ta Doeb,????????? ??? ???.? ?????????????????,,
???????,70805,????????,Traeuy Kaoh,?????????????? ??? ?????.??,???????????????????????????????????????????,
????,7080501,??????,Doun Kaot,????????? ??? ???.? ?????????????????,,
????,7080502,??????,Ta Angk,????????? ??? ???.? ?????????????????,,
????,7080503,??????????,Boeng Ta Pream,????????? ??? ???.? ?????????????????,,
????,7080504,????,Srae,????????? ??? ???.? ?????????????????,,
?????,709,?????,Bokor,?????????????? ?? ?????.??,????????????????????????????????????????,
???????,70901,??????,Boeng Tuk,?????????????? ?? ?????.??,????????????????????????????????????????,
????,7090101,????,Roluos,?????????????? ?? ?????.?? ,???????????????????????????????????????? ,
????,7090102,???????,Kaeb Thmei,?????????????? ?? ?????.?? ,???????????????????????????????????????? ,
????,7090103,????????,Totueng Thngai,?????????????? ?? ?????.?? ,???????????????????????????????????????? ,
???????,70902,??????,Kaoh Touch,?????????????? ?? ?????.??,????????????????????????????????????????,
????,7090201,???? ??,Kilou Dabpir,?????????????? ?? ?????.?? ,???????????????????????????????????????? ,
????,7090202,????????,Preaek Chek,?????????????? ?? ?????.?? ,???????????????????????????????????????? ,
????,7090203,??????,Kandal,?????????????? ?? ?????.?? ,???????????????????????????????????????? ,
????,7090204,??????????,Preaek Ampil,?????????????? ?? ?????.?? ,???????????????????????????????????????? ,
???????,70903,??????????,Preaek Tnoat,?????????????? ?? ?????.??,????????????????????????????????????????,
????,7090301,??????????,Trapeang Ropov,?????????????? ?? ?????.?? ,???????????????????????????????????????? ,
????,7090302,??????????,Preaek Kraeng,?????????????? ?? ?????.?? ,???????????????????????????????????????? ,
????,7090303,??????????,Preaek Tnaot,?????????????? ?? ?????.?? ,???????????????????????????????????????? ,
????,7090304,??????,Changhaon,?????????????? ?? ?????.?? ,???????????????????????????????????????? ,
